This is LuaHBTeX, Version 1.22.0 (TeX Live 2025)  (format=lualatex 2026.1.29)  24 FEB 2026 00:30
 restricted system commands enabled.
 file:line:error style messages enabled.
**c:/Users/symph/workspace/2026_thesis/main.tex
(c:/Users/symph/workspace/2026_thesis/main.tex
LaTeX2e <2025-11-01>
L3 programming layer <2026-01-19>
Lua module: luaotfload 2024-12-03 v3.29 Lua based OpenType font support
Lua module: lualibs 2023-07-13 v2.76 ConTeXt Lua standard libraries.
Lua module: lualibs-extended 2023-07-13 v2.76 ConTeXt Lua libraries -- extended collection.
luaotfload | conf : Root cache directory is "C:/texlive/2025/texmf-var/luatex-cache/generic/names".
luaotfload | init : Loading fontloader "fontloader-2023-12-28.lua" from kpse-resolved path "c:/texlive/2025/texmf-dist/tex/luatex/luaotfload/fontloader-2023-12-28.lua".
Lua-only attribute luaotfload@noligature = 1
luaotfload | init : Context OpenType loader version 3.134
Inserting `luaotfload.node_processor' in `pre_linebreak_filter'.
Inserting `luaotfload.node_processor' in `hpack_filter'.
Inserting `luaotfload.glyph_stream' in `glyph_stream_provider'.
Inserting `luaotfload.define_font' in `define_font'.
Lua-only attribute luaotfload_color_attribute = 2
luaotfload | conf : Root cache directory is "C:/texlive/2025/texmf-var/luatex-cache/generic/names".
Inserting `luaotfload.harf.strip_prefix' in `find_opentype_file'.
Inserting `luaotfload.harf.strip_prefix' in `find_truetype_file'.
Removing  `luaotfload.glyph_stream' from `glyph_stream_provider'.
Inserting `luaotfload.harf.glyphstream' in `glyph_stream_provider'.
Inserting `luaotfload.harf.finalize_vlist' in `post_linebreak_filter'.
Inserting `luaotfload.harf.finalize_hlist' in `hpack_filter'.
Inserting `luaotfload.cleanup_files' in `wrapup_run'.
Inserting `luaotfload.harf.finalize_unicode' in `finish_pdffile'.
Inserting `luaotfload.glyphinfo' in `glyph_info'.
Lua-only attribute luaotfload.letterspace_done = 3
Inserting `luaotfload.aux.set_sscale_dimens' in `luaotfload.patch_font'.
Inserting `luaotfload.aux.set_font_index' in `luaotfload.patch_font'.
Inserting `luaotfload.aux.patch_cambria_domh' in `luaotfload.patch_font'.
Inserting `luaotfload.aux.fixup_fontdata' in `luaotfload.patch_font_unsafe'.
Inserting `luaotfload.aux.set_capheight' in `luaotfload.patch_font'.
Inserting `luaotfload.aux.set_xheight' in `luaotfload.patch_font'.
Inserting `luaotfload.rewrite_fontname' in `luaotfload.patch_font'.
Inserting `tracingstacklevels' in `input_level_string'. (c:/texlive/2025/texmf-dist/tex/latex/jlreq/jlreq.cls
Document Class: jlreq 2025/3/16 jlreq
(c:/texlive/2025/texmf-dist/tex/latex/jlreq/jlreq-helpers.sty
Package: jlreq-helpers 2024/02/13 jlreq-helpers
\jlreq@tempcnta=\count273
\jlreq@tempcntb=\count274
\jlreq@tempcntc=\count275
\jlreq@tempdima=\dimen147
\jlreq@tempdimb=\dimen148
\jlreq@tempdimc=\dimen149
\jlreq@tempskipa=\skip49
\jlreq@tempskipb=\skip50
\jlreq@tempskipc=\skip51
\jlreq@tempboxa=\box53
\jlreq@tempboxb=\box54
\jlreq@tempboxc=\box55
\jlreq@resultdimen=\dimen150
\jlreq@resultskip=\skip52
\jlreq@resultbox=\box56
\jlreq@resultcnt=\count276
\jlreq@reference@count=\count277
\jlreq@currentpage=\count278
)
\l__jlreq_tmpa_int=\count279
\l__jlreq_tmpb_int=\count280
\l__jlreq_tmpc_int=\count281
\l__jlreq_tmpa_dim=\dimen151
\l__jlreq_tmpb_dim=\dimen152
\l__jlreq_tmpc_dim=\dimen153
\l__jlreq_tmpa_skip=\skip53
\l__jlreq_tmpb_skip=\skip54
\l__jlreq_tmpc_skip=\skip55
\l__jlreq_tmpa_box=\box57
\l__jlreq_tmpb_box=\box58
\l__jlreq_tmpc_box=\box59
 jlreq guessed engine: lualatex (c:/texlive/2025/texmf-dist/tex/luatex/luatexja/luatexja.sty
Package: luatexja 2026-01-07 Japanese Typesetting with Lua(La)TeX
 (c:/texlive/2025/texmf-dist/tex/luatex/luatexja/luatexja-core.sty
Package: luatexja-core 2023-10-07 Core of LuaTeX-ja
 (c:/texlive/2025/texmf-dist/tex/generic/infwarerr/infwarerr.sty
Package: infwarerr 2019/12/03 v1.5 Providing info/warning/error messages (HO)
) (c:/texlive/2025/texmf-dist/tex/luatex/luatexbase/luatexbase.sty
Package: luatexbase 2015/10/04 v1.3 luatexbase interface to LuaTeX 
 (c:/texlive/2025/texmf-dist/tex/luatex/ctablestack/ctablestack.sty
Package: ctablestack 2015/10/01 v1.0 Catcode table stable support
\@catcodetablestackcnt=\count282
)
\CatcodeTableOther=\catcodetable14
\CatcodeTableExpl=\catcodetable15
) (c:/texlive/2025/texmf-dist/tex/generic/ltxcmds/ltxcmds.sty
Package: ltxcmds 2023-12-04 v1.26 LaTeX kernel commands for general use (HO)
) (c:/texlive/2025/texmf-dist/tex/generic/pdftexcmds/pdftexcmds.sty
Package: pdftexcmds 2020-06-27 v0.33 Utility functions of pdfTeX for LuaTeX (HO)
 (c:/texlive/2025/texmf-dist/tex/generic/iftex/iftex.sty
Package: iftex 2024/12/12 v1.0g TeX engine tests
)
Package pdftexcmds Info: \pdf@primitive is available.
Package pdftexcmds Info: \pdf@ifprimitive is available.
Package pdftexcmds Info: \pdfdraftmode found.
\pdftexcmds@toks=\toks17
) (c:/texlive/2025/texmf-dist/tex/latex/xkeyval/xkeyval.sty
Package: xkeyval 2025/11/04 v2.10 package option processing (HA)
 (c:/texlive/2025/texmf-dist/tex/generic/xkeyval/xkeyval.tex (c:/texlive/2025/texmf-dist/tex/generic/xkeyval/xkvutils.tex
\XKV@toks=\toks18
\XKV@tempa@toks=\toks19
\XKV@tempb@toks=\toks20
 (c:/texlive/2025/texmf-dist/tex/generic/xkeyval/keyval.tex))
\XKV@depth=\count283
File: xkeyval.tex 2014/12/03 v2.7a key=value parser (HA)
)) (c:/texlive/2025/texmf-dist/tex/latex/etoolbox/etoolbox.sty
Package: etoolbox 2025/10/02 v2.5m e-TeX tools for LaTeX (JAW)
\etb@tempcnta=\count284
) (c:/texlive/2025/texmf-dist/tex/latex/everyhook/everyhook.sty (c:/texlive/2025/texmf-dist/tex/latex/svn-prov/svn-prov.sty
Package: svn-prov 2010/04/24 v3.1862 Package Date/Version from SVN Keywords
)
Package: everyhook 2014/11/26 v1.2 (SVN Rev: 12)\ Hooks for low level TeX everyX primitives.
\everypar=\toks21
\frozen@everymath=\toks22
\frozen@everydisplay=\toks23
\everyhbox=\toks24
\everyvbox=\toks25
\everycr=\toks26
)
\ltjlineendcomment=\count285
\ltj@dimen@zw=\dimen154
\ltj@dimen@zh=\dimen155
\ltj@dimen@jQ=\dimen156
\ltj@icflag=\attribute4
\ltj@curjfnt=\attribute5
\ltj@curtfnt=\attribute6
\ltj@charclass=\attribute7
\ltj@charcode=\attribute8
\ltj@autospc=\attribute9
\ltj@autoxspc=\attribute10
\ltj@yablshift=\attribute11
\ltj@ykblshift=\attribute12
\ltj@tablshift=\attribute13
\ltj@tkblshift=\attribute14
\jfam=\attribute15
\ltj@vert@ori=\attribute16
\ltj@dir=\attribute17
\ltj@@japanese=\language2
\ltj@tempcnta=\count286
\ltj@tempdima=\dimen157
\ltj@@stack=\count287
\ltj@@group@level=\count288
\ltj@kcat0=\attribute18
\ltj@kcat1=\attribute19
\ltj@kcat2=\attribute20
\ltj@kcat3=\attribute21
\ltj@kcat4=\attribute22
\ltj@kcat5=\attribute23
\ltj@kcat6=\attribute24
Custom whatsit inhibitglue = 1
Custom whatsit stack_marker = 2
Custom whatsit begin_par = 3
Custom whatsit direction = 4
Custom whatsit box_boundary = 5
Custom whatsit ja_al_boundary = 6
Module luatexbase Info: Uninstalling kernel luatexbase code on input line 184
(load cache: ltj-cid-auto-adobe-japan1.luc)
Lua module: luatexja.charrange 2022-08-19 Handling the range of Japanese characters
Lua module: luatexja.stack 2022-08-20 LuaTeX-ja stack system
Inserting `ltj.create_dir_whatsit' in `hpack_filter'.
Inserting `ltj.create_dir_whatsit' in `post_linebreak_filter'.
Inserting `ltj.direction' in `vpack_filter'.
Inserting `ltj.direction' in `pre_output_filter'.
Inserting `ltj.lineskip' in `post_linebreak_filter'.
Inserting `ltj.lineskip' in `append_to_vlist_filter'.
Lua module: luatexja.jfont 2025-05-04 Loader for Japanese fonts
Removing  `luaotfload.define_font' from `define_font'.
Inserting `luatexja.font_callback' in `define_font'.
Removing  `luaotfload.aux.set_sscale_dimens' from `luaotfload.patch_font'.
Removing  `luaotfload.aux.set_font_index' from `luaotfload.patch_font'.
Removing  `luaotfload.aux.patch_cambria_domh' from `luaotfload.patch_font'.
Removing  `luaotfload.aux.set_capheight' from `luaotfload.patch_font'.
Removing  `luaotfload.aux.set_xheight' from `luaotfload.patch_font'.
Removing  `luaotfload.rewrite_fontname' from `luaotfload.patch_font'.
Inserting `ltj.prepare_extra_data' in `luaotfload.patch_font'.
Inserting `luaotfload.aux.set_sscale_dimens' in `luaotfload.patch_font'.
Inserting `luaotfload.aux.set_font_index' in `luaotfload.patch_font'.
Inserting `luaotfload.aux.patch_cambria_domh' in `luaotfload.patch_font'.
Inserting `luaotfload.aux.set_capheight' in `luaotfload.patch_font'.
Inserting `luaotfload.aux.set_xheight' in `luaotfload.patch_font'.
Inserting `luaotfload.rewrite_fontname' in `luaotfload.patch_font'.
Inserting `ltj.prepare_extra_data' in `luatexja.define_font'.
Inserting `ltj.get_vert_form' in `luatexja.define_jfont'.
Removing  `ltj.prepare_extra_data' from `luaotfload.patch_font'.
Removing  `luaotfload.aux.set_sscale_dimens' from `luaotfload.patch_font'.
Removing  `luaotfload.aux.set_font_index' from `luaotfload.patch_font'.
Removing  `luaotfload.aux.patch_cambria_domh' from `luaotfload.patch_font'.
Removing  `luaotfload.aux.set_capheight' from `luaotfload.patch_font'.
Removing  `luaotfload.aux.set_xheight' from `luaotfload.patch_font'.
Removing  `luaotfload.rewrite_fontname' from `luaotfload.patch_font'.
Inserting `ltj.supply_tounicode' in `luaotfload.patch_font'.
Inserting `ltj.prepare_extra_data' in `luaotfload.patch_font'.
Inserting `luaotfload.aux.set_sscale_dimens' in `luaotfload.patch_font'.
Inserting `luaotfload.aux.set_font_index' in `luaotfload.patch_font'.
Inserting `luaotfload.aux.patch_cambria_domh' in `luaotfload.patch_font'.
Inserting `luaotfload.aux.set_capheight' in `luaotfload.patch_font'.
Inserting `luaotfload.aux.set_xheight' in `luaotfload.patch_font'.
Inserting `luaotfload.rewrite_fontname' in `luaotfload.patch_font'.
Inserting `ltj.process_input_buffer' in `process_input_buffer'.
Inserting `ltj.hyphenate' in `hyphenate'.
Removing  `luaotfload.node_processor' from `hpack_filter'.
Removing  `luaotfload.harf.finalize_hlist' from `hpack_filter'.
Removing  `ltj.create_dir_whatsit' from `hpack_filter'.
Inserting `ltj.set_stack_level' in `hpack_filter'.
Inserting `luaotfload.node_processor' in `hpack_filter'.
Inserting `luaotfload.harf.finalize_hlist' in `hpack_filter'.
Inserting `ltj.create_dir_whatsit' in `hpack_filter'.
Removing  `luaotfload.node_processor' from `pre_linebreak_filter'.
Inserting `ltj.set_stack_level' in `pre_linebreak_filter'.
Inserting `luaotfload.node_processor' in `pre_linebreak_filter'.
Lua module: luatexja.jfmglue 2026-01-07 Insertion process of JFM glues, [x]kanjiskip and others
Inserting `luatexja.beginpar.np_info' in `luatexja.jfmglue.whatsit_getinfo'.
Inserting `luatexja.beginpar.np_info_after' in `luatexja.jfmglue.whatsit_after'.
Inserting `ltj.mlist_to_hlist_pre' in `pre_mlist_to_hlist_filter'.
Inserting `ltj.main' in `pre_linebreak_filter'.
Removing  `luaotfload.harf.finalize_hlist' from `hpack_filter'.
Removing  `ltj.create_dir_whatsit' from `hpack_filter'.
Inserting `ltj.main' in `hpack_filter'.
Inserting `luaotfload.harf.finalize_hlist' in `hpack_filter'.
Inserting `ltj.create_dir_whatsit' in `hpack_filter'.
Removing  `ltj.set_stack_level' from `pre_linebreak_filter'.
Removing  `luaotfload.node_processor' from `pre_linebreak_filter'.
Removing  `ltj.main' from `pre_linebreak_filter'.
Inserting `ltj.adjust_icflag' in `pre_linebreak_filter'.
Inserting `ltj.set_stack_level' in `pre_linebreak_filter'.
Inserting `luaotfload.node_processor' in `pre_linebreak_filter'.
Inserting `ltj.main' in `pre_linebreak_filter'.
Removing  `ltj.set_stack_level' from `hpack_filter'.
Removing  `luaotfload.node_processor' from `hpack_filter'.
Removing  `ltj.main' from `hpack_filter'.
Removing  `luaotfload.harf.finalize_hlist' from `hpack_filter'.
Removing  `ltj.create_dir_whatsit' from `hpack_filter'.
Inserting `ltj.adjust_icflag' in `hpack_filter'.
Inserting `ltj.set_stack_level' in `hpack_filter'.
Inserting `luaotfload.node_processor' in `hpack_filter'.
Inserting `ltj.main' in `hpack_filter'.
Inserting `luaotfload.harf.finalize_hlist' in `hpack_filter'.
Inserting `ltj.create_dir_whatsit' in `hpack_filter'. (c:/texlive/2025/texmf-dist/tex/luatex/luatexja/ltj-base.sty
Package: ltj-base 2021-03-16
\ltj@tempcntb=\count289
\ltj@tempcntc=\count290
\ltj@afbox=\box60
)
\ltj@@italic@inner=\luafunction31
\ltj@@start@time@measure@inner=\luafunction32
\ltj@@stop@time@measure@inner=\luafunction33
\ltj@@jfont@inner=\luafunction34
\ltj@zw@inner=\luafunction35
\ltj@zh@inner=\luafunction36
\ltj@reset@globaldefs@inner=\luafunction37
\ltj@restore@globaldefs@inner=\luafunction38
\ltj@@disihb@inner=\luafunction39
\ltj@@ihb@inner=\luafunction40
\ltj@@fakeparbegin@inner=\luafunction41
\ltj@@fakeboxbdd@inner=\luafunction42
\ltj@@ins@xk@inner=\luafunction43
\ltj@@ins@k@inner=\luafunction44
\ltjsetkanjiskip@inner=\luafunction45
\ltjsetxkanjiskip@inner=\luafunction46
\ltj@@getparam@one@inner=\luafunction47
\ltj@alljachar@inner=\luafunction48
\ltj@@lua@populate@insertwhatsit@inner=\luafunction49
\ltj@@vadjust@begin@inner=\luafunction50
\ltj@@vadjust@dirhook@inner=\luafunction51
\ltj@@vadjust@check@dir@inner=\luafunction52
\ltj@@box@dirhook@inner=\luafunction53
\ltj@@reset@badness@inner=\luafunction54
\ltj@@lua@raisebox@inner=\luafunction55
\ltj@@vsplit@inner=\luafunction56
\ltj@@lua@unboxcheckdir@inner=\luafunction57
\ltj@@lua@uncopycheckdir@inner=\luafunction58
\ltj@@lua@uncopy@restore@whatsit@inner=\luafunction59
(load cache: ltj-kinsoku_default.luc) (c:/texlive/2025/texmf-dist/tex/luatex/luatexja/ltj-latex.sty
Package: ltj-latex 2025-06-08 LaTeX support of LuaTeX-ja
Inserting `ltj.direction' in `pre_shipout_filter'. (c:/texlive/2025/texmf-dist/tex/luatex/luatexja/patches/lltjfont.sty
Package: lltjfont 2025-10-26 Patch to NFSS2 for LuaTeX-ja
\ltj@@latex@plv=\count291
 (c:/texlive/2025/texmf-dist/tex/latex/base/tuenc.def
File: tuenc.def 2025/07/18 v2.1d Standard LaTeX file
\@remove@tlig@@@=\luafunction60
LaTeX Font Info:    Redeclaring font encoding TU on input line 105.
LaTeX Encoding Info:    Redeclaring text command \textquotesingle (encoding TU) on input line 148.
LaTeX Encoding Info:    Redeclaring text command \textasciigrave (encoding TU) on input line 149.
LaTeX Encoding Info:    Redeclaring text command \textquotedbl (encoding TU) on input line 150.
LaTeX Encoding Info:    Redeclaring text command \textdollar (encoding TU) on input line 151.
LaTeX Encoding Info:    Redeclaring text command \textless (encoding TU) on input line 152.
LaTeX Encoding Info:    Redeclaring text command \textgreater (encoding TU) on input line 153.
LaTeX Encoding Info:    Redeclaring text command \textbackslash (encoding TU) on input line 154.
LaTeX Encoding Info:    Redeclaring text command \textasciicircum (encoding TU) on input line 155.
LaTeX Encoding Info:    Redeclaring text command \textunderscore (encoding TU) on input line 156.
LaTeX Encoding Info:    Redeclaring text command \textbraceleft (encoding TU) on input line 157.
LaTeX Encoding Info:    Redeclaring text command \textbar (encoding TU) on input line 158.
LaTeX Encoding Info:    Redeclaring text command \textbraceright (encoding TU) on input line 159.
LaTeX Encoding Info:    Redeclaring text command \textasciitilde (encoding TU) on input line 160.
LaTeX Encoding Info:    Redeclaring text command \textexclamdown (encoding TU) on input line 161.
LaTeX Encoding Info:    Redeclaring text command \textcent (encoding TU) on input line 162.
LaTeX Encoding Info:    Redeclaring text command \textsterling (encoding TU) on input line 163.
LaTeX Encoding Info:    Redeclaring text command \textcurrency (encoding TU) on input line 164.
LaTeX Encoding Info:    Redeclaring text command \textyen (encoding TU) on input line 165.
LaTeX Encoding Info:    Redeclaring text command \textbrokenbar (encoding TU) on input line 166.
LaTeX Encoding Info:    Redeclaring text command \textsection (encoding TU) on input line 167.
LaTeX Encoding Info:    Redeclaring text command \textasciidieresis (encoding TU) on input line 168.
LaTeX Encoding Info:    Redeclaring text command \textcopyright (encoding TU) on input line 169.
LaTeX Encoding Info:    Redeclaring text command \textordfeminine (encoding TU) on input line 170.
LaTeX Encoding Info:    Redeclaring text command \guillemetleft (encoding TU) on input line 171.
LaTeX Encoding Info:    Redeclaring text command \guillemotleft (encoding TU) on input line 172.
LaTeX Encoding Info:    Redeclaring text command \textlnot (encoding TU) on input line 173.
LaTeX Encoding Info:    Redeclaring text command \textregistered (encoding TU) on input line 174.
LaTeX Encoding Info:    Redeclaring text command \textasciimacron (encoding TU) on input line 175.
LaTeX Encoding Info:    Redeclaring text command \textdegree (encoding TU) on input line 176.
LaTeX Encoding Info:    Redeclaring text command \textpm (encoding TU) on input line 177.
LaTeX Encoding Info:    Redeclaring text command \texttwosuperior (encoding TU) on input line 178.
LaTeX Encoding Info:    Redeclaring text command \textthreesuperior (encoding TU) on input line 179.
LaTeX Encoding Info:    Redeclaring text command \textasciiacute (encoding TU) on input line 180.
LaTeX Encoding Info:    Redeclaring text command \textmu (encoding TU) on input line 181.
LaTeX Encoding Info:    Redeclaring text command \textparagraph (encoding TU) on input line 182.
LaTeX Encoding Info:    Redeclaring text command \textperiodcentered (encoding TU) on input line 183.
LaTeX Encoding Info:    Redeclaring text command \textonesuperior (encoding TU) on input line 184.
LaTeX Encoding Info:    Redeclaring text command \textordmasculine (encoding TU) on input line 185.
LaTeX Encoding Info:    Redeclaring text command \guillemetright (encoding TU) on input line 186.
LaTeX Encoding Info:    Redeclaring text command \guillemotright (encoding TU) on input line 187.
LaTeX Encoding Info:    Redeclaring text command \textonequarter (encoding TU) on input line 188.
LaTeX Encoding Info:    Redeclaring text command \textonehalf (encoding TU) on input line 189.
LaTeX Encoding Info:    Redeclaring text command \textthreequarters (encoding TU) on input line 190.
LaTeX Encoding Info:    Redeclaring text command \textquestiondown (encoding TU) on input line 191.
LaTeX Encoding Info:    Redeclaring text command \AE (encoding TU) on input line 192.
LaTeX Encoding Info:    Redeclaring text command \DH (encoding TU) on input line 193.
LaTeX Encoding Info:    Redeclaring text command \texttimes (encoding TU) on input line 194.
LaTeX Encoding Info:    Redeclaring text command \O (encoding TU) on input line 195.
LaTeX Encoding Info:    Redeclaring text command \TH (encoding TU) on input line 196.
LaTeX Encoding Info:    Redeclaring text command \ss (encoding TU) on input line 197.
LaTeX Encoding Info:    Redeclaring text command \ae (encoding TU) on input line 198.
LaTeX Encoding Info:    Redeclaring text command \dh (encoding TU) on input line 199.
LaTeX Encoding Info:    Redeclaring text command \textdiv (encoding TU) on input line 200.
LaTeX Encoding Info:    Redeclaring text command \o (encoding TU) on input line 201.
LaTeX Encoding Info:    Redeclaring text command \th (encoding TU) on input line 202.
LaTeX Encoding Info:    Redeclaring text command \DJ (encoding TU) on input line 203.
LaTeX Encoding Info:    Redeclaring text command \dj (encoding TU) on input line 204.
LaTeX Encoding Info:    Redeclaring text command \i (encoding TU) on input line 205.
LaTeX Encoding Info:    Redeclaring text command \IJ (encoding TU) on input line 206.
LaTeX Encoding Info:    Redeclaring text command \ij (encoding TU) on input line 207.
LaTeX Encoding Info:    Redeclaring text command \L (encoding TU) on input line 208.
LaTeX Encoding Info:    Redeclaring text command \l (encoding TU) on input line 209.
LaTeX Encoding Info:    Redeclaring text command \NG (encoding TU) on input line 210.
LaTeX Encoding Info:    Redeclaring text command \ng (encoding TU) on input line 211.
LaTeX Encoding Info:    Redeclaring text command \OE (encoding TU) on input line 212.
LaTeX Encoding Info:    Redeclaring text command \oe (encoding TU) on input line 213.
LaTeX Encoding Info:    Redeclaring text command \textflorin (encoding TU) on input line 214.
LaTeX Encoding Info:    Redeclaring text command \j (encoding TU) on input line 215.
LaTeX Encoding Info:    Redeclaring text command \textasciicaron (encoding TU) on input line 216.
LaTeX Encoding Info:    Redeclaring text command \textasciibreve (encoding TU) on input line 217.
LaTeX Encoding Info:    Redeclaring text command \textacutedbl (encoding TU) on input line 218.
LaTeX Encoding Info:    Redeclaring text command \textgravedbl (encoding TU) on input line 219.
LaTeX Encoding Info:    Redeclaring text command \texttildelow (encoding TU) on input line 220.
LaTeX Encoding Info:    Redeclaring text command \textbaht (encoding TU) on input line 221.
LaTeX Encoding Info:    Redeclaring text command \SS (encoding TU) on input line 222.
LaTeX Encoding Info:    Redeclaring text command \textcompwordmark (encoding TU) on input line 223.
LaTeX Encoding Info:    Redeclaring text command \textendash (encoding TU) on input line 224.
LaTeX Encoding Info:    Redeclaring text command \textemdash (encoding TU) on input line 225.
LaTeX Encoding Info:    Redeclaring text command \textnonbreakinghyphen (encoding TU) on input line 226.
LaTeX Encoding Info:    Redeclaring text command \textfiguredash (encoding TU) on input line 228.
LaTeX Encoding Info:    Redeclaring text command \texthorizontalbar (encoding TU) on input line 230.
LaTeX Encoding Info:    Redeclaring text command \textbardbl (encoding TU) on input line 232.
LaTeX Encoding Info:    Redeclaring text command \textquoteleft (encoding TU) on input line 233.
LaTeX Encoding Info:    Redeclaring text command \textquoteright (encoding TU) on input line 234.
LaTeX Encoding Info:    Redeclaring text command \quotesinglbase (encoding TU) on input line 235.
LaTeX Encoding Info:    Redeclaring text command \textquotedblleft (encoding TU) on input line 236.
LaTeX Encoding Info:    Redeclaring text command \textquotedblright (encoding TU) on input line 237.
LaTeX Encoding Info:    Redeclaring text command \quotedblbase (encoding TU) on input line 238.
LaTeX Encoding Info:    Redeclaring text command \textdagger (encoding TU) on input line 239.
LaTeX Encoding Info:    Redeclaring text command \textdaggerdbl (encoding TU) on input line 240.
LaTeX Encoding Info:    Redeclaring text command \textbullet (encoding TU) on input line 241.
LaTeX Encoding Info:    Redeclaring text command \textellipsis (encoding TU) on input line 242.
LaTeX Encoding Info:    Redeclaring text command \textperthousand (encoding TU) on input line 243.
LaTeX Encoding Info:    Redeclaring text command \textpertenthousand (encoding TU) on input line 244.
LaTeX Encoding Info:    Redeclaring text command \guilsinglleft (encoding TU) on input line 245.
LaTeX Encoding Info:    Redeclaring text command \guilsinglright (encoding TU) on input line 246.
LaTeX Encoding Info:    Redeclaring text command \textreferencemark (encoding TU) on input line 247.
LaTeX Encoding Info:    Redeclaring text command \textinterrobang (encoding TU) on input line 248.
LaTeX Encoding Info:    Redeclaring text command \textfractionsolidus (encoding TU) on input line 249.
LaTeX Encoding Info:    Redeclaring text command \textlquill (encoding TU) on input line 250.
LaTeX Encoding Info:    Redeclaring text command \textrquill (encoding TU) on input line 251.
LaTeX Encoding Info:    Redeclaring text command \textdiscount (encoding TU) on input line 252.
LaTeX Encoding Info:    Redeclaring text command \textcolonmonetary (encoding TU) on input line 253.
LaTeX Encoding Info:    Redeclaring text command \textlira (encoding TU) on input line 254.
LaTeX Encoding Info:    Redeclaring text command \textnaira (encoding TU) on input line 255.
LaTeX Encoding Info:    Redeclaring text command \textwon (encoding TU) on input line 256.
LaTeX Encoding Info:    Redeclaring text command \textdong (encoding TU) on input line 257.
LaTeX Encoding Info:    Redeclaring text command \texteuro (encoding TU) on input line 258.
LaTeX Encoding Info:    Redeclaring text command \textpeso (encoding TU) on input line 259.
LaTeX Encoding Info:    Redeclaring text command \textcelsius (encoding TU) on input line 260.
LaTeX Encoding Info:    Redeclaring text command \textnumero (encoding TU) on input line 261.
LaTeX Encoding Info:    Redeclaring text command \textcircledP (encoding TU) on input line 262.
LaTeX Encoding Info:    Redeclaring text command \textrecipe (encoding TU) on input line 263.
LaTeX Encoding Info:    Redeclaring text command \textservicemark (encoding TU) on input line 264.
LaTeX Encoding Info:    Redeclaring text command \texttrademark (encoding TU) on input line 265.
LaTeX Encoding Info:    Redeclaring text command \textohm (encoding TU) on input line 266.
LaTeX Encoding Info:    Redeclaring text command \textmho (encoding TU) on input line 267.
LaTeX Encoding Info:    Redeclaring text command \textestimated (encoding TU) on input line 268.
LaTeX Encoding Info:    Redeclaring text command \textleftarrow (encoding TU) on input line 269.
LaTeX Encoding Info:    Redeclaring text command \textuparrow (encoding TU) on input line 270.
LaTeX Encoding Info:    Redeclaring text command \textrightarrow (encoding TU) on input line 271.
LaTeX Encoding Info:    Redeclaring text command \textdownarrow (encoding TU) on input line 272.
LaTeX Encoding Info:    Redeclaring text command \textminus (encoding TU) on input line 273.
LaTeX Encoding Info:    Redeclaring text command \Hwithstroke (encoding TU) on input line 275.
LaTeX Encoding Info:    Redeclaring text command \hwithstroke (encoding TU) on input line 276.
LaTeX Encoding Info:    Redeclaring text command \textasteriskcentered (encoding TU) on input line 277.
LaTeX Encoding Info:    Redeclaring text command \textsurd (encoding TU) on input line 288.
LaTeX Encoding Info:    Redeclaring text command \textlangle (encoding TU) on input line 289.
LaTeX Encoding Info:    Redeclaring text command \textrangle (encoding TU) on input line 290.
LaTeX Encoding Info:    Redeclaring text command \textblank (encoding TU) on input line 291.
LaTeX Encoding Info:    Redeclaring text command \textvisiblespace (encoding TU) on input line 292.
LaTeX Encoding Info:    Redeclaring text command \textopenbullet (encoding TU) on input line 293.
LaTeX Encoding Info:    Redeclaring text command \textbigcircle (encoding TU) on input line 294.
LaTeX Encoding Info:    Redeclaring text command \textmusicalnote (encoding TU) on input line 295.
LaTeX Encoding Info:    Redeclaring text command \textmarried (encoding TU) on input line 296.
LaTeX Encoding Info:    Redeclaring text command \textdivorced (encoding TU) on input line 297.
LaTeX Encoding Info:    Redeclaring text command \textinterrobangdown (encoding TU) on input line 298.
LaTeX Encoding Info:    Redeclaring text command \` (encoding TU) on input line 299.
LaTeX Encoding Info:    Redeclaring text command \' (encoding TU) on input line 300.
LaTeX Encoding Info:    Redeclaring text command \^ (encoding TU) on input line 301.
LaTeX Encoding Info:    Redeclaring text command \~ (encoding TU) on input line 302.
LaTeX Encoding Info:    Redeclaring text command \= (encoding TU) on input line 303.
LaTeX Encoding Info:    Redeclaring text command \u (encoding TU) on input line 304.
LaTeX Encoding Info:    Redeclaring text command \. (encoding TU) on input line 305.
LaTeX Encoding Info:    Redeclaring text command \" (encoding TU) on input line 306.
LaTeX Encoding Info:    Redeclaring text command \r (encoding TU) on input line 307.
LaTeX Encoding Info:    Redeclaring text command \H (encoding TU) on input line 308.
LaTeX Encoding Info:    Redeclaring text command \v (encoding TU) on input line 309.
LaTeX Encoding Info:    Redeclaring text command \b (encoding TU) on input line 310.
LaTeX Encoding Info:    Redeclaring text command \d (encoding TU) on input line 311.
LaTeX Encoding Info:    Redeclaring text command \c (encoding TU) on input line 312.
LaTeX Encoding Info:    Redeclaring text command \k (encoding TU) on input line 313.
LaTeX Encoding Info:    Redeclaring text command \textcommabelow (encoding TU) on input line 314.
)
\Cht=\dimen158
\cht=\dimen159
\Cdp=\dimen160
\cdp=\dimen161
\Cwd=\dimen162
\cwd=\dimen163
\Cvs=\dimen164
\cvs=\dimen165
\Chs=\dimen166
\chs=\dimen167
\cHT=\dimen168
\dstrutbox=\box61
\tstrutbox=\box62
\zstrutbox=\box63
LaTeX Info: Redefining \strut on input line 71.
\ltj@@add@fenc@@inner=\luafunction61
\ltj@@add@kyenc@@inner=\luafunction62
\ltj@@add@ktenc@@inner=\luafunction63
\ltj@@is@kyenc@@inner=\luafunction64
\ltj@@is@ktenc@@inner=\luafunction65
\ltj@@is@kenc@@inner=\luafunction66
\ltj@@is@ffam@@inner=\luafunction67
\ltj@@add@ffam@@inner=\luafunction68
\ltj@@add@kfam@@inner=\luafunction69
\ltj@@adjust@baseline@inner=\luafunction70
LaTeX Info: Redefining \fontencoding on input line 573.
LaTeX Info: Redefining \fontfamily on input line 619.
LaTeX Info: Redefining \fontseries on input line 813.
LaTeX Info: Redefining \fontseriesforce on input line 814.
LaTeX Info: Redefining \fontshape on input line 822.
LaTeX Info: Redefining \fontshapeforce on input line 833.
\ltj@@jfont@@jfmonly@@inner=\luafunction71
\ltj@@does@alt@set@@inner=\luafunction72
\ltj@@cipath@clear@inner=\luafunction73
) (c:/texlive/2025/texmf-dist/tex/luatex/luatexja/patches/lltjdefs.sty
Package: lltjdefs 2024-05-16 Default font settings of LuaTeX-ja
luaotfload | db : Font names database loaded from C:/texlive/2025/texmf-var/luatex-cache/generic/names/luaotfload-names.luc.gz(load cache: extra_lmroman10-regular.luc)
LaTeX Font Info:    Font shape `JT3/mc/m/n' will be
(Font)              scaled to size 9.6222pt on input line 69.

(c:/texlive/2025/texmf-dist/tex/luatex/jlreq/jfm-jlreqv.lua)
LaTeX Font Info:    Font shape `JY3/mc/m/n' will be
(Font)              scaled to size 9.6222pt on input line 69.
(load cache: extra_haranoajimincho-regular.luc)
(c:/texlive/2025/texmf-dist/tex/luatex/jlreq/jfm-jlreq.lua)
\symmincho=\mathgroup4
LaTeX Font Info:    Overwriting symbol font `mincho' in version `bold'
(Font)                  JY3/mc/m/n --> JY3/gt/m/n on input line 78.
) (c:/texlive/2025/texmf-dist/tex/luatex/luatexja/patches/lltjcore.sty
Package: lltjcore 2025-06-12 Patch to LaTeX2e Kernel for LuaTeX-ja (for LaTeX2e >=2025-06-01)
 (c:/texlive/2025/texmf-dist/tex/latex/l3kernel/expl3.sty
Package: expl3 2026-01-19 L3 programming layer (loader) 
 (c:/texlive/2025/texmf-dist/tex/latex/l3backend/l3backend-luatex.def
File: l3backend-luatex.def 2025-10-09 L3 backend support: PDF output (LuaTeX)
\l__color_backend_stack_int=\count292
Inserting `l3color' in `luaotfload.parse_color'.))
\@tombowwidth=\dimen169
\@TL=\box64
\@Tl=\box65
\@TC=\box66
\@TR=\box67
\@Tr=\box68
\@BL=\box69
\@Bl=\box70
\@BC=\box71
\@BR=\box72
\@Br=\box73
\@CL=\box74
\@CR=\box75
(load cache: extra_lmmono9-regular.luc)
\@bannertoken=\toks27
\@@paperheight=\dimen170
\@@paperwidth=\dimen171
\@@topmargin=\dimen172
LaTeX Info: Redefining \underline on input line 300.
) (c:/texlive/2025/texmf-dist/tex/luatex/luatexja/patches/lltjp-atbegshi.sty
Package: lltjp-atbegshi 2024-05-14 Patching \shipout hooks for LuaTeX-ja
\l__platex_shipout_dummy_box=\box76
) (c:/texlive/2025/texmf-dist/tex/luatex/luatexja/patches/lltjp-geometry.sty
Package: lltjp-geometry 2024-05-16 Patch to geometry for LuaTeX-ja with vertical writing mode
 (c:/texlive/2025/texmf-dist/tex/generic/iftex/ifluatex.sty
Package: ifluatex 2019/10/25 v1.5 ifluatex legacy package. Use iftex instead.
)))
\ltj@temp@cctb=\catcodetable16
) (c:/texlive/2025/texmf-dist/tex/luatex/luatexja/luatexja-compat.sty
Package: luatexja-compat 2025-09-21 Compatibility with pTeX
(load cache: ltj-jisx0208.luc)
\hour=\count293
\minute=\count294
)) (c:/texlive/2025/texmf-dist/tex/luatex/luatexja/addons/luatexja-adjust.sty
Package: luatexja-adjust 2022-02-11
Custom whatsit ghost of a jachar = 7
Removing  `luatexja.beginpar.np_info' from `luatexja.jfmglue.whatsit_getinfo'.
Inserting `ghost of a JACHAR' in `luatexja.jfmglue.whatsit_getinfo'.
Inserting `luatexja.beginpar.np_info' in `luatexja.jfmglue.whatsit_getinfo'.
Removing  `luatexja.beginpar.np_info_after' from `luatexja.jfmglue.whatsit_after'.
Inserting `ghost of a JACHAR' in `luatexja.jfmglue.whatsit_after'.
Inserting `luatexja.beginpar.np_info_after' in `luatexja.jfmglue.whatsit_after'.
\ltjadj@status@le=\count295
\ltjadj@status@lp=\count296
\ltjadj@status@pr=\count297
\ltjadj@status@ls=\count298
Inserting `Adjust width' in `pre_append_to_vlist_filter'.
\ltj@@ghost@jachar@inner@both=\luafunction74
\ltj@@ghost@jachar@inner@before=\luafunction75
\ltj@@ghost@jachar@inner@after=\luafunction76
)
Inserting `luatexja.adjust' in `luatexja.adjust_jfmglue'.
Inserting `luatexja.adjust' in `luatexja.adjust_jfmglue_tail'.
\jlreq@current@linewidth=\dimen173
\jlreq@rest@linewidth=\dimen174
\jlreq@lastnodechar=\count299
\jlreq@fontsize=\dimen175
\jlreq@jafontsize=\dimen176
 (c:/texlive/2025/texmf-dist/tex/latex/lm/lmodern.sty
Package: lmodern 2015/05/01 v1.6.1 Latin Modern Fonts
LaTeX Font Info:    Overwriting symbol font `operators' in version `normal'
(Font)                  OT1/cmr/m/n --> OT1/lmr/m/n on input line 22.
LaTeX Font Info:    Overwriting symbol font `letters' in version `normal'
(Font)                  OML/cmm/m/it --> OML/lmm/m/it on input line 23.
LaTeX Font Info:    Overwriting symbol font `symbols' in version `normal'
(Font)                  OMS/cmsy/m/n --> OMS/lmsy/m/n on input line 24.
LaTeX Font Info:    Overwriting symbol font `largesymbols' in version `normal'
(Font)                  OMX/cmex/m/n --> OMX/lmex/m/n on input line 25.
LaTeX Font Info:    Overwriting symbol font `operators' in version `bold'
(Font)                  OT1/cmr/bx/n --> OT1/lmr/bx/n on input line 26.
LaTeX Font Info:    Overwriting symbol font `letters' in version `bold'
(Font)                  OML/cmm/b/it --> OML/lmm/b/it on input line 27.
LaTeX Font Info:    Overwriting symbol font `symbols' in version `bold'
(Font)                  OMS/cmsy/b/n --> OMS/lmsy/b/n on input line 28.
LaTeX Font Info:    Overwriting symbol font `largesymbols' in version `bold'
(Font)                  OMX/cmex/m/n --> OMX/lmex/m/n on input line 29.
LaTeX Font Info:    Overwriting math alphabet `\mathbf' in version `normal'
(Font)                  OT1/cmr/bx/n --> OT1/lmr/bx/n on input line 31.
LaTeX Font Info:    Overwriting math alphabet `\mathsf' in version `normal'
(Font)                  OT1/cmss/m/n --> OT1/lmss/m/n on input line 32.
LaTeX Font Info:    Overwriting math alphabet `\mathit' in version `normal'
(Font)                  OT1/cmr/m/it --> OT1/lmr/m/it on input line 33.
LaTeX Font Info:    Overwriting math alphabet `\mathtt' in version `normal'
(Font)                  OT1/cmtt/m/n --> OT1/lmtt/m/n on input line 34.
LaTeX Font Info:    Overwriting math alphabet `\mathbf' in version `bold'
(Font)                  OT1/cmr/bx/n --> OT1/lmr/bx/n on input line 35.
LaTeX Font Info:    Overwriting math alphabet `\mathsf' in version `bold'
(Font)                  OT1/cmss/bx/n --> OT1/lmss/bx/n on input line 36.
LaTeX Font Info:    Overwriting math alphabet `\mathit' in version `bold'
(Font)                  OT1/cmr/bx/it --> OT1/lmr/bx/it on input line 37.
LaTeX Font Info:    Overwriting math alphabet `\mathtt' in version `bold'
(Font)                  OT1/cmtt/m/n --> OT1/lmtt/m/n on input line 38.
)(load cache: extra_lmroman12-regular.luc)
LaTeX Font Info:    Font shape `JT3/mc/m/n' will be
(Font)              scaled to size 11.0pt on input line 1207.
LaTeX Font Info:    Font shape `JY3/mc/m/n' will be
(Font)              scaled to size 11.0pt on input line 1207.
\jlreq@omotekeiwidth=\dimen177
\jlreq@chuubusokeiwidth=\dimen178
\jlreq@urakeiwidth=\dimen179
\jlreq@sidenote@length=\dimen180
\jlreq@sidenote@sep=\dimen181
(load cache: extra_lmroman9-regular.luc)
LaTeX Font Info:    Font shape `JT3/mc/m/n' will be
(Font)              scaled to size 8.80003pt on input line 1464.
LaTeX Font Info:    Font shape `JY3/mc/m/n' will be
(Font)              scaled to size 8.80003pt on input line 1464.
\jlreq@BlockHeading@start@label@box=\box77
\jlreq@BlockHeading@spaces@current@count=\count300
\c@part=\count301
\c@chapter=\count302
\c@section=\count303
\c@subsection=\count304
\c@subsubsection=\count305
\c@paragraph=\count306
\c@subparagraph=\count307
 (c:/texlive/2025/texmf-dist/tex/latex/sttools/stfloats.sty
Package: stfloats 2025/06/18 v3.4 Improve float mechanism and baselineskip settings
\@dblbotnum=\count308
\c@dblbotnumber=\count309
) (c:/texlive/2025/texmf-dist/tex/luatex/luatexja/patches/lltjp-stfloats.sty)
\c@__jlreq_footnotetemporary=\count310
\jlreq@endnote@prepostspace=\dimen182
\jlreq@endnote@indent=\dimen183
\jlreq@PageStyle@box=\box78
\abovecaptionskip=\skip56
\belowcaptionskip=\skip57
\c@figure=\count311
\c@table=\count312
\jlreq@abstractbox=\box79
\toclineskip=\skip58
\@lnumwidth=\dimen184
\jlreq@top@contents=\count313
LaTeX Font Info:    Font shape `JT3/mc/m/n' will be
(Font)              scaled to size 9.89993pt on input line 6602.
LaTeX Font Info:    Font shape `JY3/mc/m/n' will be
(Font)              scaled to size 9.89993pt on input line 6602.
 (c:/texlive/2025/texmf-dist/tex/latex/jlreq/jlreq-complements.sty
Package: jlreq-complements 2025/03/16 jlreq-complements
 (c:/texlive/2025/texmf-dist/tex/latex/filehook/filehook.sty
Package: filehook 2022/10/25 v0.8b Hooks for input files
 (c:/texlive/2025/texmf-dist/tex/latex/filehook/filehook-2020.sty
Package: filehook-2020 2022/10/25 v0.8b Hooks for input files
)))) (c:/texlive/2025/texmf-dist/tex/latex/xcolor/xcolor.sty
Package: xcolor 2024/09/29 v3.02 LaTeX color extensions (UK)
 (c:/texlive/2025/texmf-dist/tex/latex/graphics-cfg/color.cfg
File: color.cfg 2016/01/02 v1.6 sample color configuration
)
Package xcolor Info: Driver file: luatex.def on input line 274.
 (c:/texlive/2025/texmf-dist/tex/latex/graphics-def/luatex.def
File: luatex.def 2025/09/29 v1.2f Graphics/color driver for luatex
) (c:/texlive/2025/texmf-dist/tex/latex/graphics/mathcolor.ltx)
Package xcolor Info: Model `cmy' substituted by `cmy0' on input line 1349.
Package xcolor Info: Model `hsb' substituted by `rgb' on input line 1353.
Package xcolor Info: Model `RGB' extended on input line 1365.
Package xcolor Info: Model `HTML' substituted by `rgb' on input line 1367.
Package xcolor Info: Model `Hsb' substituted by `hsb' on input line 1368.
Package xcolor Info: Model `tHsb' substituted by `hsb' on input line 1369.
Package xcolor Info: Model `HSB' substituted by `hsb' on input line 1370.
Package xcolor Info: Model `Gray' substituted by `gray' on input line 1371.
Package xcolor Info: Model `wave' substituted by `hsb' on input line 1372.
) (c:/texlive/2025/texmf-dist/tex/latex/graphics/graphicx.sty
Package: graphicx 2024/12/31 v1.2e Enhanced LaTeX Graphics (DPC,SPQR)
 (c:/texlive/2025/texmf-dist/tex/latex/graphics/graphics.sty
Package: graphics 2024/08/06 v1.4g Standard LaTeX Graphics (DPC,SPQR)
 (c:/texlive/2025/texmf-dist/tex/latex/graphics/trig.sty
Package: trig 2023/12/02 v1.11 sin cos tan (DPC)
) (c:/texlive/2025/texmf-dist/tex/latex/graphics-cfg/graphics.cfg
File: graphics.cfg 2016/06/04 v1.11 sample graphics configuration
)
Package graphics Info: Driver file: luatex.def on input line 106.
)
\Gin@req@height=\dimen185
\Gin@req@width=\dimen186
) (c:/texlive/2025/texmf-dist/tex/latex/amsmath/amsmath.sty
Package: amsmath 2025/07/09 v2.17z AMS math features
\@mathmargin=\skip59

For additional information on amsmath, use the `?' option.
(c:/texlive/2025/texmf-dist/tex/latex/amsmath/amstext.sty
Package: amstext 2024/11/17 v2.01 AMS text
 (c:/texlive/2025/texmf-dist/tex/latex/amsmath/amsgen.sty
File: amsgen.sty 1999/11/30 v2.0 generic functions
\@emptytoks=\toks28
\ex@=\dimen187
)) (c:/texlive/2025/texmf-dist/tex/latex/amsmath/amsbsy.sty
Package: amsbsy 1999/11/29 v1.2d Bold Symbols
\pmbraise@=\dimen188
) (c:/texlive/2025/texmf-dist/tex/latex/amsmath/amsopn.sty
Package: amsopn 2022/04/08 v2.04 operator names
)
\inf@bad=\count314
LaTeX Info: Redefining \frac on input line 235.
\uproot@=\count315
\leftroot@=\count316
LaTeX Info: Redefining \overline on input line 398.
LaTeX Info: Redefining \colon on input line 409.
\classnum@=\count317
\DOTSCASE@=\count318
LaTeX Info: Redefining \ldots on input line 495.
LaTeX Info: Redefining \dots on input line 498.
LaTeX Info: Redefining \cdots on input line 619.
\Mathstrutbox@=\box80
\strutbox@=\box81
LaTeX Info: Redefining \big on input line 721.
LaTeX Info: Redefining \Big on input line 722.
LaTeX Info: Redefining \bigg on input line 723.
LaTeX Info: Redefining \Bigg on input line 724.
\big@size=\dimen189
LaTeX Font Info:    Redeclaring font encoding OML on input line 742.
LaTeX Font Info:    Redeclaring font encoding OMS on input line 743.
\macc@depth=\count319
LaTeX Info: Redefining \bmod on input line 904.
LaTeX Info: Redefining \pmod on input line 909.
LaTeX Info: Redefining \smash on input line 939.
LaTeX Info: Redefining \relbar on input line 969.
LaTeX Info: Redefining \Relbar on input line 970.
\c@MaxMatrixCols=\count320
\dotsspace@=\muskip17
\c@parentequation=\count321
\dspbrk@lvl=\count322
\tag@help=\toks29
\row@=\count323
\column@=\count324
\maxfields@=\count325
\andhelp@=\toks30
\eqnshift@=\dimen190
\alignsep@=\dimen191
\tagshift@=\dimen192
\tagwidth@=\dimen193
\totwidth@=\dimen194
\lineht@=\dimen195
\@envbody=\toks31
\multlinegap=\skip60
\multlinetaggap=\skip61
\mathdisplay@stack=\toks32
LaTeX Info: Redefining \[ on input line 2950.
LaTeX Info: Redefining \] on input line 2951.
) (c:/texlive/2025/texmf-dist/tex/latex/amsfonts/amssymb.sty
Package: amssymb 2013/01/14 v3.01 AMS font symbols
 (c:/texlive/2025/texmf-dist/tex/latex/amsfonts/amsfonts.sty
Package: amsfonts 2013/01/14 v3.01 Basic AMSFonts support
\symAMSa=\mathgroup5
\symAMSb=\mathgroup6
LaTeX Font Info:    Redeclaring math symbol \hbar on input line 98.
LaTeX Font Info:    Overwriting math alphabet `\mathfrak' in version `bold'
(Font)                  U/euf/m/n --> U/euf/b/n on input line 106.
)) (c:/texlive/2025/texmf-dist/tex/latex/mathtools/mathtools.sty
Package: mathtools 2024/10/04 v1.31 mathematical typesetting tools
 (c:/texlive/2025/texmf-dist/tex/latex/tools/calc.sty
Package: calc 2025/03/01 v4.3b Infix arithmetic (KKT,FJ)
\calc@Acount=\count326
\calc@Bcount=\count327
\calc@Adimen=\dimen196
\calc@Bdimen=\dimen197
\calc@Askip=\skip62
\calc@Bskip=\skip63
LaTeX Info: Redefining \setlength on input line 86.
LaTeX Info: Redefining \addtolength on input line 87.
\calc@Ccount=\count328
\calc@Cskip=\skip64
) (c:/texlive/2025/texmf-dist/tex/latex/mathtools/mhsetup.sty
Package: mhsetup 2021/03/18 v1.4 programming setup (MH)
)
\g_MT_multlinerow_int=\count329
\l_MT_multwidth_dim=\dimen198
\origjot=\skip65
\l_MT_shortvdotswithinadjustabove_dim=\dimen199
\l_MT_shortvdotswithinadjustbelow_dim=\dimen256
\l_MT_above_intertext_sep=\dimen257
\l_MT_below_intertext_sep=\dimen258
\l_MT_above_shortintertext_sep=\dimen259
\l_MT_below_shortintertext_sep=\dimen260
\xmathstrut@box=\box82
\xmathstrut@dim=\dimen261
) (c:/texlive/2025/texmf-dist/tex/latex/siunitx/siunitx.sty
Package: siunitx 2025-07-09 v3.4.14 A comprehensive (SI) units package
\l__siunitx_number_uncert_offset_int=\count330
\l__siunitx_number_exponent_fixed_int=\count331
\l__siunitx_number_min_decimal_int=\count332
\l__siunitx_number_min_integer_int=\count333
\l__siunitx_number_round_precision_int=\count334
\l__siunitx_number_lower_threshold_int=\count335
\l__siunitx_number_upper_threshold_int=\count336
\l__siunitx_number_group_first_int=\count337
\l__siunitx_number_group_size_int=\count338
\l__siunitx_number_group_minimum_int=\count339
\l__siunitx_angle_tmp_dim=\dimen262
\l__siunitx_angle_marker_box=\box83
\l__siunitx_angle_unit_box=\box84
\l__siunitx_compound_count_int=\count340
 (c:/texlive/2025/texmf-dist/tex/latex/translations/translations.sty
Package: translations 2022/02/05 v1.12 internationalization of LaTeX2e packages (CN)
)
\l__siunitx_table_tmp_box=\box85
\l__siunitx_table_tmp_dim=\dimen263
\l__siunitx_table_column_width_dim=\dimen264
\l__siunitx_table_integer_box=\box86
\l__siunitx_table_decimal_box=\box87
\l__siunitx_table_uncert_box=\box88
\l__siunitx_table_before_box=\box89
\l__siunitx_table_after_box=\box90
\l__siunitx_table_before_dim=\dimen265
\l__siunitx_table_carry_dim=\dimen266
\l__siunitx_unit_tmp_int=\count341
\l__siunitx_unit_position_int=\count342
\l__siunitx_unit_total_int=\count343
 (c:/texlive/2025/texmf-dist/tex/latex/tools/array.sty
Package: array 2025/09/25 v2.6n Tabular extension package (FMi)
\col@sep=\dimen267
\ar@mcellbox=\box91
\extrarowheight=\dimen268
\NC@list=\toks33
\extratabsurround=\skip66
\backup@length=\skip67
\ar@cellbox=\box92
)) (c:/texlive/2025/texmf-dist/tex/luatex/luatexja/patches/lltjp-siunitx.sty) (c:/texlive/2025/texmf-dist/tex/latex/mhchem/mhchem.sty
Package: mhchem 2024/01/29 v4.10 for typesetting chemical formulae
 (c:/texlive/2025/texmf-dist/tex/latex/l3packages/l3keys2e/l3keys2e.sty
Package: l3keys2e 2025-10-09 LaTeX2e option processing using LaTeX3 keys
) (c:/texlive/2025/texmf-dist/tex/latex/chemgreek/chemgreek.sty (c:/texlive/2025/texmf-dist/tex/latex/l3packages/xparse/xparse.sty
Package: xparse 2025-10-09 L3 Experimental document command parser
)
Package: chemgreek 2020/01/16 v1.1a interface for upright Greek letters for use in chemistry (CN)
\l__chemgreek_tmpa_int=\count344
\g__chemgreek_tmpa_int=\count345
)
\l__mhchem_ce_distanceFromLastComma_int=\count346
\__mhchem_arrow_extPgfLength_skip=\skip68
\mhchem@minispace@tmp=\skip69
\mhchem@minibackspace@tmp=\skip70
\mhchem@bondwidth=\skip71
\mhchem@bondheight=\skip72
\mhchem@smallbondwidth@tmpA=\skip73
\mhchem@smallbondwidth@tmpB=\skip74
\mhchem@smallbondwidth=\skip75
\mhchem@bondtmp@minussidebearingleft=\skip76
\mhchem@bondtmp@minussidebearingright=\skip77
\l__mhchem_option_version_int=\count347
\mhchem@option@minusmathsidebearingleft=\dimen269
\mhchem@option@minusmathsidebearingright=\dimen270
\mhchem@option@minustextsidebearingleft=\dimen271
\mhchem@option@minustextsidebearingright=\dimen272
) (c:/texlive/2025/texmf-dist/tex/latex/physics2/physics2.sty
Package: physics2 2024/01/10 v1.0.1 Tools for typesetting math for physics.
\phy@tempcnta=\count348
\phy@tempdima=\dimen273
\phy@tempdimb=\dimen274
\phy@tempskipa=\skip78
\phy@tempmuskipa=\muskip18
\phy@tempboxa=\box93
\phy@toksa=\toks34
\l__phy_tmpa_int=\count349
\l__phy_tmpb_int=\count350
) (c:/texlive/2025/texmf-dist/tex/latex/physics2/phy-ab.sty
File: phy-ab.sty 2023/10/24 `ab' (autobraces) module of physics2
) (c:/texlive/2025/texmf-dist/tex/latex/physics2/phy-diagmat.sty
File: phy-diagmat.sty 2024/01/10 `diagmat' module of physics2
\l__phy_mat_dim_int=\count351
) (c:/texlive/2025/texmf-dist/tex/latex/physics2/phy-xmat.sty
File: phy-xmat.sty 2023/10/24 `xmat' module of physics2
\l__phy_xmat_showtop_int=\count352
\l__phy_xmat_showleft_int=\count353
) (c:/texlive/2025/texmf-dist/tex/latex/derivative/derivative.sty
Package: derivative 2024/02/08 v1.4 Nice and easy derivatives and differentials for LaTeX
\l__deriv_gcd_counter_int=\count354
\l__deriv_vmo_int=\count355
\l__deriv_var_count_int=\count356
\l__deriv_tmpa_int=\count357
\l__deriv_tmpb_int=\count358
\l__deriv_seq_pos_int=\count359
\l__deriv_sort_max_int=\count360
) (c:/texlive/2025/texmf-dist/tex/latex/unicode-math/unicode-math.sty
Package: unicode-math 2023/08/13 v0.8r Unicode maths in XeLaTeX and LuaLaTeX
 (c:/texlive/2025/texmf-dist/tex/latex/unicode-math/unicode-math-luatex.sty
Package: unicode-math-luatex 2023/08/13 v0.8r Unicode maths in XeLaTeX and LuaLaTeX
 (c:/texlive/2025/texmf-dist/tex/latex/fontspec/fontspec.sty
Package: fontspec 2025/09/29 v2.9g Font selection for XeLaTeX and LuaLaTeX
Lua module: fontspec 2025/09/29 v2.9g Font selection for XeLaTeX and LuaLaTeX (c:/texlive/2025/texmf-dist/tex/latex/fontspec/fontspec-luatex.sty
Package: fontspec-luatex 2025/09/29 v2.9g Font selection for XeLaTeX and LuaLaTeX
\l__fontspec_script_int=\count361
\l__fontspec_language_int=\count362
\l__fontspec_strnum_int=\count363
\l__fontspec_tmp_int=\count364
\l__fontspec_tmpa_int=\count365
\l__fontspec_tmpb_int=\count366
\l__fontspec_tmpc_int=\count367
\l__fontspec_em_int=\count368
\l__fontspec_emdef_int=\count369
\l__fontspec_strong_int=\count370
\l__fontspec_strongdef_int=\count371
\l__fontspec_tmpa_dim=\dimen275
\l__fontspec_tmpb_dim=\dimen276
\l__fontspec_tmpc_dim=\dimen277
 (c:/texlive/2025/texmf-dist/tex/latex/base/fontenc.sty
Package: fontenc 2025/07/18 v2.1d Standard LaTeX package
) (c:/texlive/2025/texmf-dist/tex/latex/fontspec/fontspec.cfg)(load cache: extra_lmroman12-bold.luc)
LaTeX Font Info:    Font shape `JT3/mc/b/n' in size <11> not available
(Font)              Font shape `JT3/gt/m/n' tried instead on input line 3974.
LaTeX Font Info:    Font shape `JT3/gt/m/n' will be
(Font)              scaled to size 11.0pt on input line 3974.
LaTeX Font Info:    Font shape `JY3/mc/b/n' in size <11> not available
(Font)              Font shape `JY3/gt/m/n' tried instead on input line 3974.
LaTeX Font Info:    Font shape `JY3/gt/m/n' will be
(Font)              scaled to size 11.0pt on input line 3974.
(load cache: extra_haranoajigothic-medium.luc))) (c:/texlive/2025/texmf-dist/tex/luatex/luatexja/patches/lltjp-fontspec.sty) (c:/texlive/2025/texmf-dist/tex/latex/base/fix-cm.sty
Package: fix-cm 2020/11/24 v1.1t fixes to LaTeX
 (c:/texlive/2025/texmf-dist/tex/latex/base/ts1enc.def
File: ts1enc.def 2001/06/05 v3.0e (jk/car/fm) Standard LaTeX file
LaTeX Font Info:    Redeclaring font encoding TS1 on input line 47.
LaTeX Encoding Info:    Redeclaring text command \capitalcedilla (encoding TS1) on input line 49.
LaTeX Encoding Info:    Redeclaring text command \capitalogonek (encoding TS1) on input line 52.
LaTeX Encoding Info:    Redeclaring text command \capitalgrave (encoding TS1) on input line 55.
LaTeX Encoding Info:    Redeclaring text command \capitalacute (encoding TS1) on input line 56.
LaTeX Encoding Info:    Redeclaring text command \capitalcircumflex (encoding TS1) on input line 57.
LaTeX Encoding Info:    Redeclaring text command \capitaltilde (encoding TS1) on input line 58.
LaTeX Encoding Info:    Redeclaring text command \capitaldieresis (encoding TS1) on input line 59.
LaTeX Encoding Info:    Redeclaring text command \capitalhungarumlaut (encoding TS1) on input line 60.
LaTeX Encoding Info:    Redeclaring text command \capitalring (encoding TS1) on input line 61.
LaTeX Encoding Info:    Redeclaring text command \capitalcaron (encoding TS1) on input line 62.
LaTeX Encoding Info:    Redeclaring text command \capitalbreve (encoding TS1) on input line 63.
LaTeX Encoding Info:    Redeclaring text command \capitalmacron (encoding TS1) on input line 64.
LaTeX Encoding Info:    Redeclaring text command \capitaldotaccent (encoding TS1) on input line 65.
LaTeX Encoding Info:    Redeclaring text command \t (encoding TS1) on input line 66.
LaTeX Encoding Info:    Redeclaring text command \capitaltie (encoding TS1) on input line 67.
LaTeX Encoding Info:    Redeclaring text command \newtie (encoding TS1) on input line 68.
LaTeX Encoding Info:    Redeclaring text command \capitalnewtie (encoding TS1) on input line 69.
LaTeX Encoding Info:    Redeclaring text command \textcapitalcompwordmark (encoding TS1) on input line 70.
LaTeX Encoding Info:    Redeclaring text command \textascendercompwordmark (encoding TS1) on input line 71.
LaTeX Encoding Info:    Redeclaring text command \textquotestraightbase (encoding TS1) on input line 72.
LaTeX Encoding Info:    Redeclaring text command \textquotestraightdblbase (encoding TS1) on input line 73.
LaTeX Encoding Info:    Redeclaring text command \texttwelveudash (encoding TS1) on input line 74.
LaTeX Encoding Info:    Redeclaring text command \textthreequartersemdash (encoding TS1) on input line 75.
LaTeX Encoding Info:    Redeclaring text command \textleftarrow (encoding TS1) on input line 76.
LaTeX Encoding Info:    Redeclaring text command \textrightarrow (encoding TS1) on input line 77.
LaTeX Encoding Info:    Redeclaring text command \textblank (encoding TS1) on input line 78.
LaTeX Encoding Info:    Redeclaring text command \textdollar (encoding TS1) on input line 79.
LaTeX Encoding Info:    Redeclaring text command \textquotesingle (encoding TS1) on input line 80.
LaTeX Encoding Info:    Redeclaring text command \textasteriskcentered (encoding TS1) on input line 81.
LaTeX Encoding Info:    Redeclaring text command \textdblhyphen (encoding TS1) on input line 92.
LaTeX Encoding Info:    Redeclaring text command \textfractionsolidus (encoding TS1) on input line 93.
LaTeX Encoding Info:    Redeclaring text command \textzerooldstyle (encoding TS1) on input line 94.
LaTeX Encoding Info:    Redeclaring text command \textoneoldstyle (encoding TS1) on input line 95.
LaTeX Encoding Info:    Redeclaring text command \texttwooldstyle (encoding TS1) on input line 96.
LaTeX Encoding Info:    Redeclaring text command \textthreeoldstyle (encoding TS1) on input line 97.
LaTeX Encoding Info:    Redeclaring text command \textfouroldstyle (encoding TS1) on input line 98.
LaTeX Encoding Info:    Redeclaring text command \textfiveoldstyle (encoding TS1) on input line 99.
LaTeX Encoding Info:    Redeclaring text command \textsixoldstyle (encoding TS1) on input line 100.
LaTeX Encoding Info:    Redeclaring text command \textsevenoldstyle (encoding TS1) on input line 101.
LaTeX Encoding Info:    Redeclaring text command \texteightoldstyle (encoding TS1) on input line 102.
LaTeX Encoding Info:    Redeclaring text command \textnineoldstyle (encoding TS1) on input line 103.
LaTeX Encoding Info:    Redeclaring text command \textlangle (encoding TS1) on input line 104.
LaTeX Encoding Info:    Redeclaring text command \textminus (encoding TS1) on input line 105.
LaTeX Encoding Info:    Redeclaring text command \textrangle (encoding TS1) on input line 106.
LaTeX Encoding Info:    Redeclaring text command \textmho (encoding TS1) on input line 107.
LaTeX Encoding Info:    Redeclaring text command \textbigcircle (encoding TS1) on input line 108.
LaTeX Encoding Info:    Redeclaring text command \textcircled (encoding TS1) on input line 109.
LaTeX Encoding Info:    Redeclaring text command \textohm (encoding TS1) on input line 115.
LaTeX Encoding Info:    Redeclaring text command \textlbrackdbl (encoding TS1) on input line 116.
LaTeX Encoding Info:    Redeclaring text command \textrbrackdbl (encoding TS1) on input line 117.
LaTeX Encoding Info:    Redeclaring text command \textuparrow (encoding TS1) on input line 118.
LaTeX Encoding Info:    Redeclaring text command \textdownarrow (encoding TS1) on input line 119.
LaTeX Encoding Info:    Redeclaring text command \textasciigrave (encoding TS1) on input line 120.
LaTeX Encoding Info:    Redeclaring text command \textborn (encoding TS1) on input line 121.
LaTeX Encoding Info:    Redeclaring text command \textdivorced (encoding TS1) on input line 122.
LaTeX Encoding Info:    Redeclaring text command \textdied (encoding TS1) on input line 123.
LaTeX Encoding Info:    Redeclaring text command \textleaf (encoding TS1) on input line 124.
LaTeX Encoding Info:    Redeclaring text command \textmarried (encoding TS1) on input line 125.
LaTeX Encoding Info:    Redeclaring text command \textmusicalnote (encoding TS1) on input line 126.
LaTeX Encoding Info:    Redeclaring text command \texttildelow (encoding TS1) on input line 127.
LaTeX Encoding Info:    Redeclaring text command \textdblhyphenchar (encoding TS1) on input line 128.
LaTeX Encoding Info:    Redeclaring text command \textasciibreve (encoding TS1) on input line 129.
LaTeX Encoding Info:    Redeclaring text command \textasciicaron (encoding TS1) on input line 130.
LaTeX Encoding Info:    Redeclaring text command \textacutedbl (encoding TS1) on input line 131.
LaTeX Encoding Info:    Redeclaring text command \textgravedbl (encoding TS1) on input line 132.
LaTeX Encoding Info:    Redeclaring text command \textdagger (encoding TS1) on input line 133.
LaTeX Encoding Info:    Redeclaring text command \textdaggerdbl (encoding TS1) on input line 134.
LaTeX Encoding Info:    Redeclaring text command \textbardbl (encoding TS1) on input line 135.
LaTeX Encoding Info:    Redeclaring text command \textperthousand (encoding TS1) on input line 136.
LaTeX Encoding Info:    Redeclaring text command \textbullet (encoding TS1) on input line 137.
LaTeX Encoding Info:    Redeclaring text command \textcelsius (encoding TS1) on input line 138.
LaTeX Encoding Info:    Redeclaring text command \textdollaroldstyle (encoding TS1) on input line 139.
LaTeX Encoding Info:    Redeclaring text command \textcentoldstyle (encoding TS1) on input line 140.
LaTeX Encoding Info:    Redeclaring text command \textflorin (encoding TS1) on input line 141.
LaTeX Encoding Info:    Redeclaring text command \textcolonmonetary (encoding TS1) on input line 142.
LaTeX Encoding Info:    Redeclaring text command \textwon (encoding TS1) on input line 143.
LaTeX Encoding Info:    Redeclaring text command \textnaira (encoding TS1) on input line 144.
LaTeX Encoding Info:    Redeclaring text command \textguarani (encoding TS1) on input line 145.
LaTeX Encoding Info:    Redeclaring text command \textpeso (encoding TS1) on input line 146.
LaTeX Encoding Info:    Redeclaring text command \textlira (encoding TS1) on input line 147.
LaTeX Encoding Info:    Redeclaring text command \textrecipe (encoding TS1) on input line 148.
LaTeX Encoding Info:    Redeclaring text command \textinterrobang (encoding TS1) on input line 149.
LaTeX Encoding Info:    Redeclaring text command \textinterrobangdown (encoding TS1) on input line 150.
LaTeX Encoding Info:    Redeclaring text command \textdong (encoding TS1) on input line 151.
LaTeX Encoding Info:    Redeclaring text command \texttrademark (encoding TS1) on input line 152.
LaTeX Encoding Info:    Redeclaring text command \textpertenthousand (encoding TS1) on input line 153.
LaTeX Encoding Info:    Redeclaring text command \textpilcrow (encoding TS1) on input line 154.
LaTeX Encoding Info:    Redeclaring text command \textbaht (encoding TS1) on input line 155.
LaTeX Encoding Info:    Redeclaring text command \textnumero (encoding TS1) on input line 156.
LaTeX Encoding Info:    Redeclaring text command \textdiscount (encoding TS1) on input line 157.
LaTeX Encoding Info:    Redeclaring text command \textestimated (encoding TS1) on input line 158.
LaTeX Encoding Info:    Redeclaring text command \textopenbullet (encoding TS1) on input line 159.
LaTeX Encoding Info:    Redeclaring text command \textservicemark (encoding TS1) on input line 160.
LaTeX Encoding Info:    Redeclaring text command \textlquill (encoding TS1) on input line 161.
LaTeX Encoding Info:    Redeclaring text command \textrquill (encoding TS1) on input line 162.
LaTeX Encoding Info:    Redeclaring text command \textcent (encoding TS1) on input line 163.
LaTeX Encoding Info:    Redeclaring text command \textsterling (encoding TS1) on input line 164.
LaTeX Encoding Info:    Redeclaring text command \textcurrency (encoding TS1) on input line 165.
LaTeX Encoding Info:    Redeclaring text command \textyen (encoding TS1) on input line 166.
LaTeX Encoding Info:    Redeclaring text command \textbrokenbar (encoding TS1) on input line 167.
LaTeX Encoding Info:    Redeclaring text command \textsection (encoding TS1) on input line 168.
LaTeX Encoding Info:    Redeclaring text command \textasciidieresis (encoding TS1) on input line 169.
LaTeX Encoding Info:    Redeclaring text command \textcopyright (encoding TS1) on input line 170.
LaTeX Encoding Info:    Redeclaring text command \textordfeminine (encoding TS1) on input line 171.
LaTeX Encoding Info:    Redeclaring text command \textcopyleft (encoding TS1) on input line 172.
LaTeX Encoding Info:    Redeclaring text command \textlnot (encoding TS1) on input line 173.
LaTeX Encoding Info:    Redeclaring text command \textcircledP (encoding TS1) on input line 174.
LaTeX Encoding Info:    Redeclaring text command \textregistered (encoding TS1) on input line 175.
LaTeX Encoding Info:    Redeclaring text command \textasciimacron (encoding TS1) on input line 176.
LaTeX Encoding Info:    Redeclaring text command \textdegree (encoding TS1) on input line 177.
LaTeX Encoding Info:    Redeclaring text command \textpm (encoding TS1) on input line 178.
LaTeX Encoding Info:    Redeclaring text command \texttwosuperior (encoding TS1) on input line 179.
LaTeX Encoding Info:    Redeclaring text command \textthreesuperior (encoding TS1) on input line 180.
LaTeX Encoding Info:    Redeclaring text command \textasciiacute (encoding TS1) on input line 181.
LaTeX Encoding Info:    Redeclaring text command \textmu (encoding TS1) on input line 182.
LaTeX Encoding Info:    Redeclaring text command \textparagraph (encoding TS1) on input line 183.
LaTeX Encoding Info:    Redeclaring text command \textperiodcentered (encoding TS1) on input line 184.
LaTeX Encoding Info:    Redeclaring text command \textreferencemark (encoding TS1) on input line 185.
LaTeX Encoding Info:    Redeclaring text command \textonesuperior (encoding TS1) on input line 186.
LaTeX Encoding Info:    Redeclaring text command \textordmasculine (encoding TS1) on input line 187.
LaTeX Encoding Info:    Redeclaring text command \textsurd (encoding TS1) on input line 188.
LaTeX Encoding Info:    Redeclaring text command \textonequarter (encoding TS1) on input line 189.
LaTeX Encoding Info:    Redeclaring text command \textonehalf (encoding TS1) on input line 190.
LaTeX Encoding Info:    Redeclaring text command \textthreequarters (encoding TS1) on input line 191.
LaTeX Encoding Info:    Redeclaring text command \texteuro (encoding TS1) on input line 192.
LaTeX Encoding Info:    Redeclaring text command \texttimes (encoding TS1) on input line 193.
LaTeX Encoding Info:    Redeclaring text command \textdiv (encoding TS1) on input line 194.
)) (c:/texlive/2025/texmf-dist/tex/lualatex/lualatex-math/lualatex-math.sty
Package: lualatex-math 2022/01/01 v1.12 Patches for mathematics typesetting with LuaLaTeX
Lua module: lualatex-math 2013/08/03 v1.3 Patches for mathematics typesetting with LuaLaTeX)
\g__um_fam_int=\count372
\g__um_fonts_used_int=\count373
\l__um_primecount_int=\count374
\g__um_primekern_muskip=\muskip19
 (c:/texlive/2025/texmf-dist/tex/latex/unicode-math/unicode-math-table.tex))) (c:/texlive/2025/texmf-dist/tex/luatex/luatexja/patches/lltjp-unicode-math.sty)
luaotfload | cache : Lookup cache loaded from C:/texlive/2025/texmf-var/luatex-cache/generic/names/luaotfload-lookup-cache.luc.(load cache: extra_lmroman10-bolditalic.luc)(load cache: extra_lmroman10-bold.luc)(load cache: extra_lmroman10-italic.luc)

Package fontspec Info: 
(fontspec)             Font family 'LatinModernRoman(0)' created for font
(fontspec)             'Latin Modern Roman' with options
(fontspec)             [Ligatures=TeX,Ligatures=TeX].
(fontspec)              
(fontspec)              This font family consists of the following NFSS
(fontspec)             series/shapes:
(fontspec)              
(fontspec)             - 'normal' (m/n) with NFSS spec.: <->"name:Latin Modern
(fontspec)             Roman:mode=node;script=latn;language=dflt;+tlig;"
(fontspec)             - 'bold' (b/n) with NFSS spec.: <->"name:Latin Modern
(fontspec)             Roman/B:mode=node;script=latn;language=dflt;+tlig;"
(fontspec)             - 'italic' (m/it) with NFSS spec.: <->"name:Latin
(fontspec)             Modern
(fontspec)             Roman/I:mode=node;script=latn;language=dflt;+tlig;"
(fontspec)             - 'bold italic' (b/it) with NFSS spec.: <->"name:Latin
(fontspec)             Modern
(fontspec)             Roman/BI:mode=node;script=latn;language=dflt;+tlig;"


Package fontspec Info: 
(fontspec)             Font family 'LatinModernRoman(1)' created for font
(fontspec)             'Latin Modern Roman' with options
(fontspec)             [Renderer=Basic,Ligatures=TeX].
(fontspec)              
(fontspec)              This font family consists of the following NFSS
(fontspec)             series/shapes:
(fontspec)              
(fontspec)             - 'normal' (m/n) with NFSS spec.: <->"name:Latin Modern
(fontspec)             Roman:mode=base;script=latn;language=dflt;+tlig;"
(fontspec)             - 'bold' (b/n) with NFSS spec.: <->"name:Latin Modern
(fontspec)             Roman/B:mode=base;script=latn;language=dflt;+tlig;"
(fontspec)             - 'italic' (m/it) with NFSS spec.: <->"name:Latin
(fontspec)             Modern
(fontspec)             Roman/I:mode=base;script=latn;language=dflt;+tlig;"
(fontspec)             - 'bold italic' (b/it) with NFSS spec.: <->"name:Latin
(fontspec)             Modern
(fontspec)             Roman/BI:mode=base;script=latn;language=dflt;+tlig;"

LaTeX Font Info:    Overwriting math alphabet `\mathrm' in version `normal'
(Font)                  OT1/lmr/m/n --> TU/LatinModernRoman(1)/m/n on input line 47.
LaTeX Font Info:    Overwriting math alphabet `\mathit' in version `normal'
(Font)                  OT1/lmr/m/it --> TU/LatinModernRoman(1)/m/it on input line 47.
LaTeX Font Info:    Overwriting math alphabet `\mathbf' in version `normal'
(Font)                  OT1/lmr/bx/n --> TU/LatinModernRoman(1)/b/n on input line 47.
(load cache: extra_lmsans10-regular.luc)(load cache: extra_lmsans10-boldoblique.luc)(load cache: extra_lmsans10-bold.luc)(load cache: extra_lmsans10-oblique.luc)

Package fontspec Info: 
(fontspec)             Font family 'LatinModernSans(0)' created for font
(fontspec)             'Latin Modern Sans' with options
(fontspec)             [Ligatures=TeX,Ligatures=TeX].
(fontspec)              
(fontspec)              This font family consists of the following NFSS
(fontspec)             series/shapes:
(fontspec)              
(fontspec)             - 'normal' (m/n) with NFSS spec.: <->"name:Latin Modern
(fontspec)             Sans:mode=node;script=latn;language=dflt;+tlig;"
(fontspec)             - 'bold' (b/n) with NFSS spec.: <->"name:Latin Modern
(fontspec)             Sans/B:mode=node;script=latn;language=dflt;+tlig;"
(fontspec)             - 'italic' (m/it) with NFSS spec.: <->"name:Latin
(fontspec)             Modern
(fontspec)             Sans/I:mode=node;script=latn;language=dflt;+tlig;"
(fontspec)             - 'bold italic' (b/it) with NFSS spec.: <->"name:Latin
(fontspec)             Modern
(fontspec)             Sans/BI:mode=node;script=latn;language=dflt;+tlig;"


Package fontspec Info: 
(fontspec)             Font family 'LatinModernSans(1)' created for font
(fontspec)             'Latin Modern Sans' with options
(fontspec)             [Renderer=Basic,Ligatures=TeX].
(fontspec)              
(fontspec)              This font family consists of the following NFSS
(fontspec)             series/shapes:
(fontspec)              
(fontspec)             - 'normal' (m/n) with NFSS spec.: <->"name:Latin Modern
(fontspec)             Sans:mode=base;script=latn;language=dflt;+tlig;"
(fontspec)             - 'bold' (b/n) with NFSS spec.: <->"name:Latin Modern
(fontspec)             Sans/B:mode=base;script=latn;language=dflt;+tlig;"
(fontspec)             - 'italic' (m/it) with NFSS spec.: <->"name:Latin
(fontspec)             Modern
(fontspec)             Sans/I:mode=base;script=latn;language=dflt;+tlig;"
(fontspec)             - 'bold italic' (b/it) with NFSS spec.: <->"name:Latin
(fontspec)             Modern
(fontspec)             Sans/BI:mode=base;script=latn;language=dflt;+tlig;"

LaTeX Font Info:    Overwriting math alphabet `\mathsf' in version `normal'
(Font)                  OT1/lmss/m/n --> TU/LatinModernSans(1)/m/n on input line 48.
LaTeX Font Info:    Overwriting math alphabet `\mathsf' in version `bold'
(Font)                  OT1/lmss/bx/n --> TU/LatinModernSans(1)/b/n on input line 48.
(load cache: extra_lmmono10-regular.luc)

Package fontspec Info: 
(fontspec)             Could not resolve font "Latin Modern Mono/BI" (it
(fontspec)             probably doesn't exist).


Package fontspec Info: 
(fontspec)             Could not resolve font "Latin Modern Mono/B" (it
(fontspec)             probably doesn't exist).

(load cache: extra_lmmono10-italic.luc)

Package fontspec Info: 
(fontspec)             Font family 'LatinModernMono(0)' created for font
(fontspec)             'Latin Modern Mono' with options
(fontspec)             [WordSpace={1,0,0},HyphenChar=None,PunctuationSpace=WordSpace].
(fontspec)              
(fontspec)              This font family consists of the following NFSS
(fontspec)             series/shapes:
(fontspec)              
(fontspec)             - 'normal' (m/n) with NFSS spec.: <->"name:Latin Modern
(fontspec)             Mono:mode=node;script=latn;language=dflt;"
(fontspec)             - 'italic' (m/it) with NFSS spec.: <->"name:Latin
(fontspec)             Modern Mono/I:mode=node;script=latn;language=dflt;"


Package fontspec Info: 
(fontspec)             Could not resolve font "Latin Modern Mono/BI" (it
(fontspec)             probably doesn't exist).


Package fontspec Info: 
(fontspec)             Could not resolve font "Latin Modern Mono/B" (it
(fontspec)             probably doesn't exist).


Package fontspec Info: 
(fontspec)             Font family 'LatinModernMono(1)' created for font
(fontspec)             'Latin Modern Mono' with options [Renderer=Basic].
(fontspec)              
(fontspec)              This font family consists of the following NFSS
(fontspec)             series/shapes:
(fontspec)              
(fontspec)             - 'normal' (m/n) with NFSS spec.: <->"name:Latin Modern
(fontspec)             Mono:mode=base;script=latn;language=dflt;"
(fontspec)             - 'italic' (m/it) with NFSS spec.: <->"name:Latin
(fontspec)             Modern Mono/I:mode=base;script=latn;language=dflt;"

LaTeX Font Info:    Overwriting math alphabet `\mathtt' in version `normal'
(Font)                  OT1/lmtt/m/n --> TU/LatinModernMono(1)/m/n on input line 49.
LaTeX Font Info:    Overwriting math alphabet `\mathtt' in version `bold'
(Font)                  OT1/lmtt/m/n --> TU/LatinModernMono(1)/b/n on input line 49.
LaTeX Font Info:    Calculating math sizes for size <11> on input line 50.
(load cache: extra_latinmodernmath-regular.luc)

Package fontspec Info: 
(fontspec)             Could not resolve font "Latin Modern Math/B" (it
(fontspec)             probably doesn't exist).


Package fontspec Info: 
(fontspec)             Font family 'LatinModernMath(0)' created for font
(fontspec)             'Latin Modern Math' with options
(fontspec)             [Renderer=Basic,BoldItalicFont={},ItalicFont={},SmallCapsFont={},Script=Math,RawFeature={mathfontdimen=xetex}].
(fontspec)              
(fontspec)              This font family consists of the following NFSS
(fontspec)             series/shapes:
(fontspec)              
(fontspec)             - 'normal' (m/n) with NFSS spec.: <->"name:Latin Modern
(fontspec)             Math:mode=base;script=math;language=dflt;mathfontdimen=xetex;"


Package fontspec Info: 
(fontspec)             Could not resolve font "Latin Modern Math/B" (it
(fontspec)             probably doesn't exist).


Package fontspec Info: 
(fontspec)             Font family 'LatinModernMath(1)' created for font
(fontspec)             'Latin Modern Math' with options
(fontspec)             [Renderer=Basic,BoldItalicFont={},ItalicFont={},SmallCapsFont={},Script=Math,SizeFeatures={{Size=9.35-},{Size=6.6-9.35,Font=Latin
(fontspec)             Modern Math,Style=MathScript},{Size=-6.6,Font=Latin
(fontspec)             Modern
(fontspec)             Math,Style=MathScriptScript}},RawFeature={mathfontdimen=xetex}].
(fontspec)              
(fontspec)              This font family consists of the following NFSS
(fontspec)             series/shapes:
(fontspec)              
(fontspec)             - 'normal' (m/n) with NFSS spec.: <9.35->"name:Latin
(fontspec)             Modern
(fontspec)             Math:mode=base;script=math;language=dflt;mathfontdimen=xetex;"<6.6-9.35>"name:Latin
(fontspec)             Modern
(fontspec)             Math:mode=base;script=math;language=dflt;mathfontdimen=xetex;+ssty=0;"<-6.6>"name:Latin
(fontspec)             Modern
(fontspec)             Math:mode=base;script=math;language=dflt;mathfontdimen=xetex;+ssty=1;"

LaTeX Font Info:    Encoding `OT1' has changed to `TU' for symbol font
(Font)              `operators' in the math version `normal' on input line 50.
LaTeX Font Info:    Overwriting symbol font `operators' in version `normal'
(Font)                  OT1/lmr/m/n --> TU/LatinModernMath(1)/m/n on input line 50.
LaTeX Font Info:    Encoding `OT1' has changed to `TU' for symbol font
(Font)              `operators' in the math version `bold' on input line 50.
LaTeX Font Info:    Overwriting symbol font `operators' in version `bold'
(Font)                  OT1/lmr/bx/n --> TU/LatinModernMath(1)/b/n on input line 50.

Package fontspec Info: 
(fontspec)             Could not resolve font "Latin Modern Math/B" (it
(fontspec)             probably doesn't exist).


Package fontspec Info: 
(fontspec)             Font family 'LatinModernMath(2)' created for font
(fontspec)             'Latin Modern Math' with options
(fontspec)             [Renderer=Basic,BoldItalicFont={},ItalicFont={},SmallCapsFont={},Script=Math,SizeFeatures={{Size=9.35-},{Size=6.6-9.35,Font=Latin
(fontspec)             Modern Math,Style=MathScript},{Size=-6.6,Font=Latin
(fontspec)             Modern
(fontspec)             Math,Style=MathScriptScript}},RawFeature={mathfontdimen=xetex},RawFeature={mathfontdimen=tex2}].
(fontspec)              
(fontspec)              This font family consists of the following NFSS
(fontspec)             series/shapes:
(fontspec)              
(fontspec)             - 'normal' (m/n) with NFSS spec.: <9.35->"name:Latin
(fontspec)             Modern
(fontspec)             Math:mode=base;script=math;language=dflt;mathfontdimen=xetex;mathfontdimen=tex2;"<6.6-9.35>"name:Latin
(fontspec)             Modern
(fontspec)             Math:mode=base;script=math;language=dflt;mathfontdimen=xetex;mathfontdimen=tex2;+ssty=0;"<-6.6>"name:Latin
(fontspec)             Modern
(fontspec)             Math:mode=base;script=math;language=dflt;mathfontdimen=xetex;mathfontdimen=tex2;+ssty=1;"

LaTeX Font Info:    Encoding `OMS' has changed to `TU' for symbol font
(Font)              `symbols' in the math version `normal' on input line 50.
LaTeX Font Info:    Overwriting symbol font `symbols' in version `normal'
(Font)                  OMS/lmsy/m/n --> TU/LatinModernMath(2)/m/n on input line 50.
LaTeX Font Info:    Encoding `OMS' has changed to `TU' for symbol font
(Font)              `symbols' in the math version `bold' on input line 50.
LaTeX Font Info:    Overwriting symbol font `symbols' in version `bold'
(Font)                  OMS/lmsy/b/n --> TU/LatinModernMath(2)/b/n on input line 50.

Package fontspec Info: 
(fontspec)             Could not resolve font "Latin Modern Math/B" (it
(fontspec)             probably doesn't exist).


Package fontspec Info: 
(fontspec)             Font family 'LatinModernMath(3)' created for font
(fontspec)             'Latin Modern Math' with options
(fontspec)             [Renderer=Basic,BoldItalicFont={},ItalicFont={},SmallCapsFont={},Script=Math,SizeFeatures={{Size=9.35-},{Size=6.6-9.35,Font=Latin
(fontspec)             Modern Math,Style=MathScript},{Size=-6.6,Font=Latin
(fontspec)             Modern
(fontspec)             Math,Style=MathScriptScript}},RawFeature={mathfontdimen=xetex},RawFeature={mathfontdimen=tex3}].
(fontspec)              
(fontspec)              This font family consists of the following NFSS
(fontspec)             series/shapes:
(fontspec)              
(fontspec)             - 'normal' (m/n) with NFSS spec.: <9.35->"name:Latin
(fontspec)             Modern
(fontspec)             Math:mode=base;script=math;language=dflt;mathfontdimen=xetex;mathfontdimen=tex3;"<6.6-9.35>"name:Latin
(fontspec)             Modern
(fontspec)             Math:mode=base;script=math;language=dflt;mathfontdimen=xetex;mathfontdimen=tex3;+ssty=0;"<-6.6>"name:Latin
(fontspec)             Modern
(fontspec)             Math:mode=base;script=math;language=dflt;mathfontdimen=xetex;mathfontdimen=tex3;+ssty=1;"

LaTeX Font Info:    Encoding `OMX' has changed to `TU' for symbol font
(Font)              `largesymbols' in the math version `normal' on input line 50.
LaTeX Font Info:    Overwriting symbol font `largesymbols' in version `normal'
(Font)                  OMX/lmex/m/n --> TU/LatinModernMath(3)/m/n on input line 50.
LaTeX Font Info:    Encoding `OMX' has changed to `TU' for symbol font
(Font)              `largesymbols' in the math version `bold' on input line 50.
LaTeX Font Info:    Overwriting symbol font `largesymbols' in version `bold'
(Font)                  OMX/lmex/m/n --> TU/LatinModernMath(3)/b/n on input line 50.
LaTeX Font Info:    Trying to load font information for OML+lmm on input line 50.
 (c:/texlive/2025/texmf-dist/tex/latex/lm/omllmm.fd
File: omllmm.fd 2015/05/01 v1.6.1 Font defs for Latin Modern
)
LaTeX Font Info:    Font shape `JY3/mc/m/n' will be
(Font)              scaled to size 7.7pt on input line 50.
LaTeX Font Info:    Font shape `JY3/mc/m/n' will be
(Font)              scaled to size 5.5pt on input line 50.
LaTeX Font Info:    Trying to load font information for U+msa on input line 50.
 (c:/texlive/2025/texmf-dist/tex/latex/amsfonts/umsa.fd
File: umsa.fd 2013/01/14 v3.01 AMS symbols A
)
LaTeX Font Info:    Trying to load font information for U+msb on input line 50.
 (c:/texlive/2025/texmf-dist/tex/latex/amsfonts/umsb.fd
File: umsb.fd 2013/01/14 v3.01 AMS symbols B
) (c:/texlive/2025/texmf-dist/tex/luatex/luatexja/addons/luatexja-preset.sty
Package: luatexja-preset 2025-10-26 Japanese font presets
\g__ltjpreset_applycount_int=\count375
 (c:/texlive/2025/texmf-dist/tex/luatex/luatexja/addons/luatexja-fontspec.sty
Package: luatexja-fontspec 2025-09-30 fontspec support of LuaTeX-ja
(load cache: extra_lmroman17-regular.luc)
LaTeX Font Info:    Font shape `JT3/mc/m/n' will be
(Font)              scaled to size 16.0pt on input line 16.
LaTeX Font Info:    Font shape `JY3/mc/m/n' will be
(Font)              scaled to size 16.0pt on input line 16.
 (c:/texlive/2025/texmf-dist/tex/luatex/luatexja/addons/luatexja-fontspec-29e.sty
Package: luatexja-fontspec-29e 2025-11-01 fontspec support of LuaTeX-ja
\g__ltj_fontspec_altnumber_int=\count376
))

Package luatexja-preset Warning: Japanese fonts will be scaled by 1.


Package luatexja-fontspec Warning: \addjfontfeature(s) ignored;
(luatexja-fontspec)                it cannot be used with a font that wasn't
(luatexja-fontspec)                selected by luatexja-fontspec.

(load cache: extra_haranoajigothic-heavy.luc)(load cache: extra_haranoajimincho-light.luc)

Package fontspec Info: 
(fontspec)             HaranoAjiMincho-Regular scale = 1.


Package fontspec Info: 
(fontspec)             HaranoAjiMincho-Light scale = 1.


Package fontspec Info: 
(fontspec)             HaranoAjiMincho-Light scale = 1.


Package fontspec Info: 
(fontspec)             HaranoAjiMincho-Regular scale = 1.


Package fontspec Info: 
(fontspec)             HaranoAjiMincho-Regular scale = 1.

(load cache: extra_haranoajimincho-bold.luc)

Package fontspec Info: 
(fontspec)             HaranoAjiMincho-Bold scale = 1.


Package fontspec Info: 
(fontspec)             HaranoAjiMincho-Bold scale = 1.


Package fontspec Info: 
(fontspec)             Font family 'HaranoAjiMincho-Regular.otf(0)' created
(fontspec)             for font 'HaranoAjiMincho-Regular.otf' with options
(fontspec)             [YokoFeatures={JFM=jlreq},TateFeatures={JFM=jlreqv},Scale=1,Kerning=Off,Script=CJK,FontFace={l}{n}{Font=HaranoAjiMincho-Light.otf,},BoldFont=HaranoAjiMincho-Bold.otf,YokoFeatures={JFM=jlreq},TateFeatures={JFM=jlreqv},Script=CJK].
(fontspec)              
(fontspec)              This font family consists of the following NFSS
(fontspec)             series/shapes:
(fontspec)              

LaTeX Font Info:    Redeclaring symbol font `mincho' on input line 775.
LaTeX Font Info:    Overwriting symbol font `mincho' in version `normal'
(Font)                  JY3/mc/m/n --> JY3/HaranoAjiMincho-Regular.otf(0)/m/n on input line 775.
LaTeX Font Info:    Overwriting symbol font `mincho' in version `bold'
(Font)                  JY3/gt/m/n --> JY3/HaranoAjiMincho-Regular.otf(0)/m/n on input line 775.
LaTeX Font Info:    Overwriting symbol font `mincho' in version `bold'
(Font)                  JY3/HaranoAjiMincho-Regular.otf(0)/m/n --> JY3/HaranoAjiMincho-Regular.otf(0)/b/n on input line 775.
LaTeX Font Info:    Font shape `JT3/HaranoAjiMincho-Regular.otf(0)/m/n' will be
(Font)              scaled to size 11.0pt on input line 775.
LaTeX Font Info:    Font shape `JY3/HaranoAjiMincho-Regular.otf(0)/m/n' will be
(Font)              scaled to size 11.0pt on input line 775.
(load cache: extra_haranoajigothic-regular.luc)

Package fontspec Info: 
(fontspec)             HaranoAjiGothic-Regular scale = 1.


Package fontspec Info: 
(fontspec)             HaranoAjiGothic-Heavy scale = 1.


Package fontspec Info: 
(fontspec)             HaranoAjiGothic-Heavy scale = 1.


Package fontspec Info: 
(fontspec)             HaranoAjiGothic-Regular scale = 1.


Package fontspec Info: 
(fontspec)             HaranoAjiGothic-Regular scale = 1.

(load cache: extra_haranoajigothic-bold.luc)

Package fontspec Info: 
(fontspec)             HaranoAjiGothic-Bold scale = 1.


Package fontspec Info: 
(fontspec)             HaranoAjiGothic-Bold scale = 1.


Package fontspec Info: 
(fontspec)             Font family 'HaranoAjiGothic-Regular.otf(0)' created
(fontspec)             for font 'HaranoAjiGothic-Regular.otf' with options
(fontspec)             [YokoFeatures={JFM=jlreq},TateFeatures={JFM=jlreqv},Scale=1,Kerning=Off,Script=CJK,FontFace={eb}{n}{Font=HaranoAjiGothic-Heavy.otf,},BoldFont=HaranoAjiGothic-Bold.otf,YokoFeatures={JFM=jlreq},TateFeatures={JFM=jlreqv},Script=CJK].
(fontspec)              
(fontspec)              This font family consists of the following NFSS
(fontspec)             series/shapes:
(fontspec)              

LaTeX Font Info:    Redeclaring math alphabet \mathgt on input line 775.
LaTeX Font Info:    Overwriting math alphabet `\mathgt' in version `normal'
(Font)                  JY3/gt/m/n --> JY3/HaranoAjiGothic-Regular.otf(0)/m/n on input line 775.
LaTeX Font Info:    Overwriting math alphabet `\mathgt' in version `bold'
(Font)                  JY3/gt/m/n --> JY3/HaranoAjiGothic-Regular.otf(0)/m/n on input line 775.

Package fontspec Info: 
(fontspec)             HaranoAjiGothic-Medium scale = 1.


Package fontspec Info: 
(fontspec)             HaranoAjiGothic-Medium scale = 1.


Package fontspec Info: 
(fontspec)             HaranoAjiGothic-Medium scale = 1.


Package fontspec Info: 
(fontspec)             HaranoAjiGothic-Medium scale = 1.


Package fontspec Info: 
(fontspec)             HaranoAjiGothic-Medium scale = 1.


Package fontspec Info: 
(fontspec)             Font family 'HaranoAjiGothic-Medium.otf(0)' created for
(fontspec)             font 'HaranoAjiGothic-Medium.otf' with options
(fontspec)             [YokoFeatures={JFM=jlreq},TateFeatures={JFM=jlreqv},Scale=1,Kerning=Off,Script=CJK,BoldFont=HaranoAjiGothic-Medium.otf,YokoFeatures={JFM=jlreq},TateFeatures={JFM=jlreqv},Script=CJK].
(fontspec)              
(fontspec)              This font family consists of the following NFSS
(fontspec)             series/shapes:
(fontspec)              

) (c:/texlive/2025/texmf-dist/tex/latex/booktabs/booktabs.sty
Package: booktabs 2020/01/12 v1.61803398 Publication quality tables
\heavyrulewidth=\dimen278
\lightrulewidth=\dimen279
\cmidrulewidth=\dimen280
\belowrulesep=\dimen281
\belowbottomsep=\dimen282
\aboverulesep=\dimen283
\abovetopsep=\dimen284
\cmidrulesep=\dimen285
\cmidrulekern=\dimen286
\defaultaddspace=\dimen287
\@cmidla=\count377
\@cmidlb=\count378
\@aboverulesep=\dimen288
\@belowrulesep=\dimen289
\@thisruleclass=\count379
\@lastruleclass=\count380
\@thisrulewidth=\dimen290
) (c:/texlive/2025/texmf-dist/tex/latex/multirow/multirow.sty
Package: multirow 2024/11/12 v2.9 Span multiple rows of a table
\multirow@colwidth=\skip79
\multirow@cntb=\count381
\multirow@dima=\skip80
\bigstrutjot=\dimen291
) (c:/texlive/2025/texmf-dist/tex/latex/tools/multicol.sty
Package: multicol 2025/10/21 v2.0b multicolumn formatting (FMi)
\c@tracingmulticols=\count382
\mult@box=\box94
\multicol@leftmargin=\dimen292
\c@unbalance=\count383
\c@collectmore=\count384
\doublecol@number=\count385
\multicoltolerance=\count386
\multicolpretolerance=\count387
\full@width=\dimen293
\page@free=\dimen294
\premulticols=\dimen295
\postmulticols=\dimen296
\multicolsep=\skip81
\multicolbaselineskip=\skip82
\partial@page=\box95
\last@line=\box96
\mc@boxedresult=\box97
\maxbalancingoverflow=\dimen297
\mult@rightbox=\box98
\mult@grightbox=\box99
\mult@firstbox=\box100
\mult@gfirstbox=\box101
\@tempa=\box102
\@tempa=\box103
\@tempa=\box104
\@tempa=\box105
\@tempa=\box106
\@tempa=\box107
\@tempa=\box108
\@tempa=\box109
\@tempa=\box110
\@tempa=\box111
\@tempa=\box112
\@tempa=\box113
\@tempa=\box114
\@tempa=\box115
\@tempa=\box116
\@tempa=\box117
\@tempa=\box118
\@tempa=\box119
\@tempa=\box120
\@tempa=\box121
\@tempa=\box122
\@tempa=\box123
\@tempa=\box124
\@tempa=\box125
\@tempa=\box126
\@tempa=\box127
\@tempa=\box128
\@tempa=\box129
\@tempa=\box130
\@tempa=\box131
\@tempa=\box132
\@tempa=\box133
\@tempa=\box134
\@tempa=\box135
\@tempa=\box136
\@tempa=\box137
\c@minrows=\count388
\c@columnbadness=\count389
\c@finalcolumnbadness=\count390
\last@try=\dimen298
\multicolovershoot=\dimen299
\multicolundershoot=\dimen300
\mult@nat@firstbox=\box138
\colbreak@box=\box139
\mc@col@check@num=\count391
\g__mc_curr_col_int=\count392
) (c:/texlive/2025/texmf-dist/tex/latex/enumitem/enumitem.sty
Package: enumitem 2025/02/06 v3.11 Customized lists
\enitkv@toks@=\toks35
\labelindent=\skip83
\enit@outerparindent=\dimen301
\enit@toks=\toks36
\enit@inbox=\box140
\enit@count@id=\count393
\enitdp@description=\count394
) (c:/texlive/2025/texmf-dist/tex/latex/float/float.sty
Package: float 2001/11/08 v1.3d Float enhancements (AL)
\c@float@type=\count395
\float@exts=\toks37
\float@box=\box141
\@float@everytoks=\toks38
\@floatcapt=\box142
) (c:/texlive/2025/texmf-dist/tex/latex/caption/caption.sty
Package: caption 2023/08/05 v3.6o Customizing captions (AR)
 (c:/texlive/2025/texmf-dist/tex/latex/caption/caption3.sty
Package: caption3 2023/07/31 v2.4d caption3 kernel (AR)
\caption@tempdima=\dimen302
\captionmargin=\dimen303
\caption@leftmargin=\dimen304
\caption@rightmargin=\dimen305
\caption@width=\dimen306
\caption@indent=\dimen307
\caption@parindent=\dimen308
\caption@hangindent=\dimen309
Package caption Info: Unknown document class (or package),
(caption)             standard defaults will be used.
Package caption Info: \@makecaption = \long macro:#1#2->{\@ifundefined {@currenvir}{\@ifundefined {@captype}{\def \jlreq@tempb {}}{\let \jlreq@tempb =\@captype }}{\let \jlreq@tempb =\@currenvir }\reset@font \small \vskip \abovecaptionskip \edef \jlreq@do {\unexpanded {\def \jlreq@tempa ##1}{\jlreq@jlreqsetup@withenv@nameuse {jlreq@@makecaption@label@format@setting}{\jlreq@tempb }}}\jlreq@do \setbox \jlreq@tempboxa =\hbox {\jlreq@jlreqsetup@withenv@nameuse {jlreq@@makecaption@label@font@setting}{\jlreq@tempb }#1\relax }\ifdim \wd \jlreq@tempboxa =0pt\edef \jlreq@tempa {{\jlreq@jlreqsetup@withenv@nameuse {jlreq@@makecaption@font@setting}{\jlreq@tempb }\unexpanded {#2}}}\else \edef \jlreq@tempa {{\jlreq@jlreqsetup@withenv@nameuse {jlreq@@makecaption@label@font@setting}{\jlreq@tempb }\exp_not:o {\jlreq@tempa {#1}}}\unexpanded {\hskip \glueexpr }\jlreq@jlreqsetup@withenv@nameuse {jlreq@@makecaption@after@label@space@setting}{\jlreq@tempb }\noexpand \relax {\jlreq@jlreqsetup@withenv@nameuse {jlreq@@makecaption@font@setting}{\jlreq@tempb }\unexpanded {#2}}}\fi \setbox \@tempboxa =\hbox {\jlreq@tempa }\ifdim \wd \@tempboxa >\hsize \relax \edef \jlreq@tempc {\jlreq@jlreqsetup@withenv@nameuse {jlreq@@makecaption@align@setting@large}{\jlreq@tempb }}\else \global \@minipagefalse \edef \jlreq@tempc {\jlreq@jlreqsetup@withenv@nameuse {jlreq@@makecaption@align@setting@small}{\jlreq@tempb }}\fi \expandafter \let \expandafter \jlreq@align \jlreq@tempc \ifx c\jlreq@align \centering \fi \ifx r\jlreq@align \raggedleft \fi \unhbox \@tempboxa \par \vskip \belowcaptionskip } on input line 1175.
)

Package caption Warning: Unknown document class (or package),
(caption)                standard defaults will be used.
See the caption package documentation for explanation.

\c@caption@flags=\count396
\c@continuedfloat=\count397
Package caption Info: float package is loaded.
) (c:/texlive/2025/texmf-dist/tex/latex/caption/subcaption.sty
Package: subcaption 2023/07/28 v1.6b Sub-captions (AR)
Package caption Info: New subtype `subfigure' on input line 238.
\c@subfigure=\count398
Package caption Info: New subtype `subtable' on input line 238.
\c@subtable=\count399
) (c:/texlive/2025/texmf-dist/tex/latex/listings/listings.sty
\lst@mode=\count400
\lst@gtempboxa=\box143
\lst@token=\toks39
\lst@length=\count401
\lst@currlwidth=\dimen310
\lst@column=\count402
\lst@pos=\count403
\lst@lostspace=\dimen311
\lst@width=\dimen312
\lst@newlines=\count404
\lst@lineno=\count405
\lst@maxwidth=\dimen313
 (c:/texlive/2025/texmf-dist/tex/latex/listings/lstpatch.sty
File: lstpatch.sty 2025/11/14 1.11b (Carsten Heinz)
) (c:/texlive/2025/texmf-dist/tex/latex/listings/lstmisc.sty
File: lstmisc.sty 2025/11/14 1.11b (Carsten Heinz)
\c@lstnumber=\count406
\lst@skipnumbers=\count407
\lst@framebox=\box144
) (c:/texlive/2025/texmf-dist/tex/latex/listings/listings.cfg
File: listings.cfg 2025/11/14 1.11b listings configuration
))
Package: listings 2025/11/14 1.11b (Carsten Heinz)
 (c:/texlive/2025/texmf-dist/tex/luatex/luatexja/patches/lltjp-listings.sty (c:/texlive/2025/texmf-dist/tex/luatex/luatexbase/luatexbase-cctb.sty
Package: luatexbase-cctb 2015/10/04 v1.3 luatexbase interface to LuaTeX (legacy subpackage) 
)
\ltj@lst@japanese@min=\count408
\CatcodeTableLTJlistings=\catcodetable17
\ltj@lst@frame@lslimit@h=\dimen314
\ltj@lst@frame@lslimit@d=\dimen315
\@temptokenb=\toks40
 (c:/texlive/2025/texmf-dist/tex/latex/listings/lstmisc.sty
File: lstmisc.sty 2025/11/14 1.11b (Carsten Heinz)
\lst@WFtoken=\toks41
\lst@WF=\write3
))
==> First Aid for listings.sty no longer applied!
    Expected:
        2024/09/23 1.10c (Carsten Heinz)
    but found:
        2025/11/14 1.11b (Carsten Heinz)
    so I'm assuming it got fixed.
(c:/texlive/2025/texmf-dist/tex/latex/biblatex/biblatex.sty
Package: biblatex 2025/07/10 v3.21 programmable bibliographies (PK/MW)
 (c:/texlive/2025/texmf-dist/tex/latex/kvoptions/kvoptions.sty
Package: kvoptions 2022-06-15 v3.15 Key value format for package options (HO)
 (c:/texlive/2025/texmf-dist/tex/latex/kvsetkeys/kvsetkeys.sty
Package: kvsetkeys 2022-10-05 v1.19 Key value parser (HO)
)) (c:/texlive/2025/texmf-dist/tex/latex/logreq/logreq.sty
Package: logreq 2010/08/04 v1.0 xml request logger
\lrq@indent=\count409
 (c:/texlive/2025/texmf-dist/tex/latex/logreq/logreq.def
File: logreq.def 2010/08/04 v1.0 logreq spec v1.0
)) (c:/texlive/2025/texmf-dist/tex/latex/base/ifthen.sty
Package: ifthen 2024/03/16 v1.1e Standard LaTeX ifthen package (DPC)
) (c:/texlive/2025/texmf-dist/tex/latex/url/url.sty
\Urlmuskip=\muskip20
Package: url 2013/09/16  ver 3.4  Verb mode for urls, etc.
)
\c@tabx@nest=\count410
\c@listtotal=\count411
\c@listcount=\count412
\c@liststart=\count413
\c@liststop=\count414
\c@citecount=\count415
\c@citetotal=\count416
\c@multicitecount=\count417
\c@multicitetotal=\count418
\c@instcount=\count419
\c@maxnames=\count420
\c@minnames=\count421
\c@maxitems=\count422
\c@minitems=\count423
\c@citecounter=\count424
\c@maxcitecounter=\count425
\c@savedcitecounter=\count426
\c@uniquelist=\count427
\c@uniquename=\count428
\c@refsection=\count429
\c@refsegment=\count430
\c@maxextratitle=\count431
\c@maxextratitleyear=\count432
\c@maxextraname=\count433
\c@maxextradate=\count434
\c@maxextraalpha=\count435
\c@abbrvpenalty=\count436
\c@highnamepenalty=\count437
\c@lownamepenalty=\count438
\c@maxparens=\count439
\c@parenlevel=\count440
\blx@tempcnta=\count441
\blx@tempcntb=\count442
\blx@tempcntc=\count443
\c@blx@maxsection=\count444
\blx@maxsegment@0=\count445
\blx@notetype=\count446
\blx@parenlevel@text=\count447
\blx@parenlevel@foot=\count448
\blx@sectionciteorder@0=\count449
\blx@sectionciteorderinternal@0=\count450
\blx@entrysetcounter=\count451
\blx@biblioinstance=\count452
\labelnumberwidth=\skip84
\labelalphawidth=\skip85
\biblabelsep=\skip86
\bibitemsep=\skip87
\bibnamesep=\skip88
\bibinitsep=\skip89
\bibparsep=\skip90
\bibhang=\skip91
\blx@bcfin=\read2
\blx@bcfout=\write4
\blx@langwohyphens=\language3
\c@mincomprange=\count453
\c@maxcomprange=\count454
\c@mincompwidth=\count455
Package biblatex Info: Trying to load biblatex default data model...
Package biblatex Info: ... file 'blx-dm.def' found.
 (c:/texlive/2025/texmf-dist/tex/latex/biblatex/blx-dm.def
File: blx-dm.def 2025/07/10 v3.21 biblatex datamodel (PK/MW)
)
Package biblatex Info: Trying to load biblatex style data model...
Package biblatex Info: ... file 'numeric.dbx' not found.
Package biblatex Info: Trying to load biblatex custom data model...
Package biblatex Info: ... file 'biblatex-dm.cfg' not found.
\c@afterword=\count456
\c@savedafterword=\count457
\c@annotator=\count458
\c@savedannotator=\count459
\c@author=\count460
\c@savedauthor=\count461
\c@bookauthor=\count462
\c@savedbookauthor=\count463
\c@commentator=\count464
\c@savedcommentator=\count465
\c@editor=\count466
\c@savededitor=\count467
\c@editora=\count468
\c@savededitora=\count469
\c@editorb=\count470
\c@savededitorb=\count471
\c@editorc=\count472
\c@savededitorc=\count473
\c@foreword=\count474
\c@savedforeword=\count475
\c@holder=\count476
\c@savedholder=\count477
\c@introduction=\count478
\c@savedintroduction=\count479
\c@namea=\count480
\c@savednamea=\count481
\c@nameb=\count482
\c@savednameb=\count483
\c@namec=\count484
\c@savednamec=\count485
\c@translator=\count486
\c@savedtranslator=\count487
\c@shortauthor=\count488
\c@savedshortauthor=\count489
\c@shorteditor=\count490
\c@savedshorteditor=\count491
\c@labelname=\count492
\c@savedlabelname=\count493
\c@institution=\count494
\c@savedinstitution=\count495
\c@lista=\count496
\c@savedlista=\count497
\c@listb=\count498
\c@savedlistb=\count499
\c@listc=\count500
\c@savedlistc=\count501
\c@listd=\count502
\c@savedlistd=\count503
\c@liste=\count504
\c@savedliste=\count505
\c@listf=\count506
\c@savedlistf=\count507
\c@location=\count508
\c@savedlocation=\count509
\c@organization=\count510
\c@savedorganization=\count511
\c@origlocation=\count512
\c@savedoriglocation=\count513
\c@origpublisher=\count514
\c@savedorigpublisher=\count515
\c@publisher=\count516
\c@savedpublisher=\count517
\c@language=\count518
\c@savedlanguage=\count519
\c@origlanguage=\count520
\c@savedoriglanguage=\count521
\c@pageref=\count522
\c@savedpageref=\count523
\shorthandwidth=\skip92
\shortjournalwidth=\skip93
\shortserieswidth=\skip94
\shorttitlewidth=\skip95
\shortauthorwidth=\skip96
\shorteditorwidth=\skip97
\locallabelnumberwidth=\skip98
\locallabelalphawidth=\skip99
\localshorthandwidth=\skip100
\localshortjournalwidth=\skip101
\localshortserieswidth=\skip102
\localshorttitlewidth=\skip103
\localshortauthorwidth=\skip104
\localshorteditorwidth=\skip105
Package biblatex Info: Trying to load enhanced support for Unicode engines...
Package biblatex Info: ... file 'blx-unicode.def' found.
 (c:/texlive/2025/texmf-dist/tex/latex/biblatex/blx-unicode.def)
Package biblatex Info: Trying to load compatibility code...
Package biblatex Info: ... file 'blx-compat.def' found.
 (c:/texlive/2025/texmf-dist/tex/latex/biblatex/blx-compat.def
File: blx-compat.def 2025/07/10 v3.21 biblatex compatibility (PK/MW)
)
Package biblatex Info: Trying to load generic definitions...
Package biblatex Info: ... file 'biblatex.def' found.
 (c:/texlive/2025/texmf-dist/tex/latex/biblatex/biblatex.def
File: biblatex.def 2025/07/10 v3.21 biblatex compatibility (PK/MW)
\c@textcitecount=\count524
\c@textcitetotal=\count525
\c@textcitemaxnames=\count526
\c@biburlbigbreakpenalty=\count527
\c@biburlbreakpenalty=\count528
\c@biburlnumpenalty=\count529
\c@biburlucpenalty=\count530
\c@biburllcpenalty=\count531
\biburlbigskip=\muskip21
\biburlnumskip=\muskip22
\biburlucskip=\muskip23
\biburllcskip=\muskip24
\c@smartand=\count532
)
Package biblatex Info: Trying to load bibliography style 'numeric'...
Package biblatex Info: ... file 'numeric.bbx' found.
 (c:/texlive/2025/texmf-dist/tex/latex/biblatex/bbx/numeric.bbx
File: numeric.bbx 2025/07/10 v3.21 biblatex bibliography style (PK/MW)
Package biblatex Info: Trying to load bibliography style 'standard'...
Package biblatex Info: ... file 'standard.bbx' found.
 (c:/texlive/2025/texmf-dist/tex/latex/biblatex/bbx/standard.bbx
File: standard.bbx 2025/07/10 v3.21 biblatex bibliography style (PK/MW)
\c@bbx:relatedcount=\count533
\c@bbx:relatedtotal=\count534
))
Package biblatex Info: Trying to load citation style 'numeric'...
Package biblatex Info: ... file 'numeric.cbx' found.
 (c:/texlive/2025/texmf-dist/tex/latex/biblatex/cbx/numeric.cbx
File: numeric.cbx 2025/07/10 v3.21 biblatex citation style (PK/MW)
Package biblatex Info: Redefining '\cite'.
Package biblatex Info: Redefining '\parencite'.
Package biblatex Info: Redefining '\footcite'.
Package biblatex Info: Redefining '\footcitetext'.
Package biblatex Info: Redefining '\smartcite'.
Package biblatex Info: Redefining '\supercite'.
Package biblatex Info: Redefining '\textcite'.
Package biblatex Info: Redefining '\textcites'.
Package biblatex Info: Redefining '\cites'.
Package biblatex Info: Redefining '\parencites'.
Package biblatex Info: Redefining '\smartcites'.
)
Package biblatex Info: Trying to load configuration file...
Package biblatex Info: ... file 'biblatex.cfg' found.
 (c:/texlive/2025/texmf-dist/tex/latex/biblatex/biblatex.cfg
File: biblatex.cfg 
)
Package biblatex Info: LuaTeX detected.
(biblatex)             Assuming input encoding 'utf8'.
Package biblatex Info: Document encoding is UTF8 ....
Package biblatex Info: ... and expl3
(biblatex)             2026-01-19 L3 programming layer (loader) 
(biblatex)             is new enough (at least 2020/04/06),
(biblatex)             setting 'casechanger=expl3'.
 (c:/texlive/2025/texmf-dist/tex/latex/biblatex/blx-case-expl3.sty
Package: blx-case-expl3 2025/07/10 v3.21 expl3 case changing code for biblatex
))
Package biblatex Info: Delimiter 'finalnamedelim' in context '' already defined, overwriting on input line 149.
 (c:/texlive/2025/texmf-dist/tex/latex/comment/comment.sty
\CommentStream=\write5
 Excluding comment 'comment') (c:/texlive/2025/texmf-dist/tex/latex/tools/indentfirst.sty
Package: indentfirst 2023/07/02 v1.03 Indent first paragraph (DPC)
) (c:/texlive/2025/texmf-dist/tex/latex/hyperref/hyperref.sty
Package: hyperref 2025-07-12 v7.01o Hypertext links for LaTeX
 (c:/texlive/2025/texmf-dist/tex/generic/kvdefinekeys/kvdefinekeys.sty
Package: kvdefinekeys 2019-12-19 v1.6 Define keys (HO)
) (c:/texlive/2025/texmf-dist/tex/generic/pdfescape/pdfescape.sty
Package: pdfescape 2019/12/09 v1.15 Implements pdfTeX's escape features (HO)
) (c:/texlive/2025/texmf-dist/tex/latex/hycolor/hycolor.sty
Package: hycolor 2020-01-27 v1.10 Color options for hyperref/bookmark (HO)
) (c:/texlive/2025/texmf-dist/tex/latex/hyperref/nameref.sty
Package: nameref 2025-06-21 v2.57 Cross-referencing by name of section
 (c:/texlive/2025/texmf-dist/tex/latex/refcount/refcount.sty
Package: refcount 2019/12/15 v3.6 Data extraction from label references (HO)
) (c:/texlive/2025/texmf-dist/tex/generic/gettitlestring/gettitlestring.sty
Package: gettitlestring 2019/12/15 v1.6 Cleanup title references (HO)
)
\c@section@level=\count535
) (c:/texlive/2025/texmf-dist/tex/generic/stringenc/stringenc.sty
Package: stringenc 2019/11/29 v1.12 Convert strings between diff. encodings (HO)
)
\@linkdim=\dimen316
\Hy@linkcounter=\count536
\Hy@pagecounter=\count537
 (c:/texlive/2025/texmf-dist/tex/latex/hyperref/pd1enc.def
File: pd1enc.def 2025-07-12 v7.01o Hyperref: PDFDocEncoding definition (HO)
) (c:/texlive/2025/texmf-dist/tex/generic/intcalc/intcalc.sty
Package: intcalc 2019/12/15 v1.3 Expandable calculations with integers (HO)
)
\Hy@SavedSpaceFactor=\count538
 (c:/texlive/2025/texmf-dist/tex/latex/hyperref/puenc.def
File: puenc.def 2025-07-12 v7.01o Hyperref: PDF Unicode definition (HO)
)
Package hyperref Info: Hyper figures OFF on input line 4195.
Package hyperref Info: Link nesting OFF on input line 4200.
Package hyperref Info: Hyper index ON on input line 4203.
Package hyperref Info: Plain pages OFF on input line 4210.
Package hyperref Info: Backreferencing OFF on input line 4215.
Package hyperref Info: Implicit mode ON; LaTeX internals redefined.
Package hyperref Info: Bookmarks ON on input line 4462.
\c@Hy@tempcnt=\count539
LaTeX Info: Redefining \url on input line 4801.
\XeTeXLinkMargin=\dimen317
 (c:/texlive/2025/texmf-dist/tex/generic/bitset/bitset.sty
Package: bitset 2019/12/09 v1.3 Handle bit-vector datatype (HO)
 (c:/texlive/2025/texmf-dist/tex/generic/bigintcalc/bigintcalc.sty
Package: bigintcalc 2019/12/15 v1.5 Expandable calculations on big integers (HO)
))
\Fld@menulength=\count540
\Field@Width=\dimen318
\Fld@charsize=\dimen319
Package hyperref Info: Hyper figures OFF on input line 6078.
Package hyperref Info: Link nesting OFF on input line 6083.
Package hyperref Info: Hyper index ON on input line 6086.
Package hyperref Info: backreferencing OFF on input line 6093.
Package hyperref Info: Link coloring OFF on input line 6098.
Package hyperref Info: Link coloring with OCG OFF on input line 6103.
Package hyperref Info: PDF/A mode OFF on input line 6108.
\Hy@abspage=\count541
\c@Item=\count542
\c@Hfootnote=\count543
)
Package hyperref Info: Driver: hluatex.
 (c:/texlive/2025/texmf-dist/tex/latex/hyperref/hluatex.def
File: hluatex.def 2025-07-12 v7.01o Hyperref driver for luaTeX
\Fld@listcount=\count544
\c@bookmark@seq@number=\count545
 (c:/texlive/2025/texmf-dist/tex/latex/rerunfilecheck/rerunfilecheck.sty
Package: rerunfilecheck 2025-06-21 v1.11 Rerun checks for auxiliary files (HO)
 (c:/texlive/2025/texmf-dist/tex/generic/uniquecounter/uniquecounter.sty
Package: uniquecounter 2019/12/15 v1.4 Provide unlimited unique counter (HO)
)
Package uniquecounter Info: New unique counter `rerunfilecheck' on input line 284.
)
\Hy@SectionHShift=\skip106
) (c:/texlive/2025/texmf-dist/tex/latex/cleveref/cleveref.sty
Package: cleveref 2018/03/27 v0.21.4 Intelligent cross-referencing
Package cleveref Info: `hyperref' support loaded on input line 2370.
LaTeX Info: Redefining \cref on input line 2370.
LaTeX Info: Redefining \Cref on input line 2370.
LaTeX Info: Redefining \crefrange on input line 2370.
LaTeX Info: Redefining \Crefrange on input line 2370.
LaTeX Info: Redefining \cpageref on input line 2370.
LaTeX Info: Redefining \Cpageref on input line 2370.
LaTeX Info: Redefining \cpagerefrange on input line 2370.
LaTeX Info: Redefining \Cpagerefrange on input line 2370.
LaTeX Info: Redefining \labelcref on input line 2370.
LaTeX Info: Redefining \labelcpageref on input line 2370.
Package cleveref Info: `listings' support loaded on input line 3131.
)
==> First Aid for cleveref.sty applied!
\c@inlineitem=\count546
(c:/texlive/2025/texmf-dist/tex/luatex/luatexja/patches/lltjp-array.sty
Package: lltjp-array 2024-07-21 Patch to array for LuaTeX-ja
)
Package translations Info: No language package found. I am going to use `english' as default language. on input line 260.
\@quotelevel=\count547
\@quotereset=\count548
 (./out/main.aux (./out/title.aux) (./out/chapt1.aux) (./out/chapt2.aux) (./out/chapt3.aux) (./out/chapt4.aux) (./out/chapt5.aux) (./out/conclusion.aux) (./out/thanks.aux))
\openout1 = main.aux

LaTeX Font Info:    Checking defaults for OML/cmm/m/it on input line 260.
LaTeX Font Info:    ... okay on input line 260.
LaTeX Font Info:    Checking defaults for OMS/cmsy/m/n on input line 260.
LaTeX Font Info:    ... okay on input line 260.
LaTeX Font Info:    Checking defaults for OT1/cmr/m/n on input line 260.
LaTeX Font Info:    ... okay on input line 260.
LaTeX Font Info:    Checking defaults for T1/cmr/m/n on input line 260.
LaTeX Font Info:    ... okay on input line 260.
LaTeX Font Info:    Checking defaults for TS1/cmr/m/n on input line 260.
LaTeX Font Info:    ... okay on input line 260.
LaTeX Font Info:    Checking defaults for TU/lmr/m/n on input line 260.
LaTeX Font Info:    ... okay on input line 260.
LaTeX Font Info:    Checking defaults for OMX/cmex/m/n on input line 260.
LaTeX Font Info:    ... okay on input line 260.
LaTeX Font Info:    Checking defaults for U/cmr/m/n on input line 260.
LaTeX Font Info:    ... okay on input line 260.
LaTeX Font Info:    Checking defaults for JY3/mc/m/n on input line 260.
LaTeX Font Info:    ... okay on input line 260.
LaTeX Font Info:    Checking defaults for JT3/mc/m/n on input line 260.
LaTeX Font Info:    ... okay on input line 260.
LaTeX Font Info:    Checking defaults for PD1/pdf/m/n on input line 260.
LaTeX Font Info:    ... okay on input line 260.
LaTeX Font Info:    Checking defaults for PU/pdf/m/n on input line 260.
LaTeX Font Info:    ... okay on input line 260.
 (c:/texlive/2025/texmf-dist/tex/context/base/mkii/supp-pdf.mkii
[Loading MPS to PDF converter (version 2006.09.02).]
\scratchcounter=\count549
\scratchdimen=\dimen320
\scratchbox=\box145
\nofMPsegments=\count550
\nofMParguments=\count551
\everyMPshowfont=\toks42
\MPscratchCnt=\count552
\MPscratchDim=\dimen321
\MPnumerator=\count553
\makeMPintoPDFobject=\count554
\everyMPtoPDFconversion=\toks43
) (c:/texlive/2025/texmf-dist/tex/latex/epstopdf-pkg/epstopdf-base.sty
Package: epstopdf-base 2020-01-24 v2.11 Base part for package epstopdf
Package epstopdf-base Info: Redefining graphics rule for `.eps' on input line 485.
 (c:/texlive/2025/texmf-dist/tex/latex/latexconfig/epstopdf-sys.cfg
File: epstopdf-sys.cfg 2010/07/13 v1.3 Configuration of (r)epstopdf for TeX Live
)) (c:/texlive/2025/texmf-dist/tex/latex/translations/translations-basic-dictionary-english.trsl
File: translations-basic-dictionary-english.trsl (english translation file `translations-basic-dictionary')
)
Package translations Info: loading dictionary `translations-basic-dictionary' for `english'. on input line 260.

Package chemgreek Info: Activating mapping `fontspec' on line 260.

Package caption Info: Begin \AtBeginDocument code.
Package caption Info: hyperref package is loaded.
Package caption Info: listings package is loaded.
Package caption Info: End \AtBeginDocument code.
\c@lstlisting=\count555
Package biblatex Info: Trying to load language 'english'...
Package biblatex Info: ... file 'english.lbx' found.
 (c:/texlive/2025/texmf-dist/tex/latex/biblatex/lbx/english.lbx
File: english.lbx 2025/07/10 v3.21 biblatex localization (PK/MW)
)
Package biblatex Info: LuaTeX detected.
(biblatex)             Assuming input encoding 'utf8'.
Package biblatex Info: Automatic encoding selection.
(biblatex)             Assuming data encoding 'utf8'.

\openout4 = main.bcf
Package biblatex Info: Trying to load bibliographic data...
Package biblatex Info: ... file 'main.bbl' found.
 (./out/main.bbl)
Package biblatex Info: Reference section=0 on input line 260.
Package biblatex Info: Reference segment=0 on input line 260.
Package hyperref Info: Link coloring OFF on input line 260.
 (./out/main.out) (./out/main.out)
\@outlinefile=\write6

\openout6 = main.out

\openout2 = title.aux
 (./title.tex
LaTeX Font Info:    Font shape `JT3/HaranoAjiMincho-Regular.otf(0)/m/n' will be
(Font)              scaled to size 15.4pt on input line 3.
LaTeX Font Info:    Font shape `JY3/HaranoAjiMincho-Regular.otf(0)/m/n' will be
(Font)              scaled to size 15.4pt on input line 3.
LaTeX Font Info:    Font shape `JT3/HaranoAjiMincho-Regular.otf(0)/m/n' will be
(Font)              scaled to size 22.0pt on input line 7.
LaTeX Font Info:    Font shape `JY3/HaranoAjiMincho-Regular.otf(0)/m/n' will be
(Font)              scaled to size 22.0pt on input line 7.
LaTeX Font Info:    Font shape `JT3/HaranoAjiGothic-Regular.otf(0)/m/n' will be
(Font)              scaled to size 22.0pt on input line 10.
LaTeX Font Info:    Font shape `JY3/HaranoAjiGothic-Regular.otf(0)/m/n' will be
(Font)              scaled to size 22.0pt on input line 10.
LaTeX Font Info:    Font shape `JT3/HaranoAjiMincho-Regular.otf(0)/b/n' will be
(Font)              scaled to size 15.4pt on input line 14.
LaTeX Font Info:    Font shape `JY3/HaranoAjiMincho-Regular.otf(0)/b/n' will be
(Font)              scaled to size 15.4pt on input line 14.
 [1


{c:/texlive/2025/texmf-var/fonts/map/pdftex/updmap/pdftex.map}])(load cache: extra_lmsans17-regular.luc)
LaTeX Font Info:    Font shape `JT3/HaranoAjiGothic-Regular.otf(0)/b/n' will be
(Font)              scaled to size 22.0pt on input line 263.
LaTeX Font Info:    Font shape `JY3/HaranoAjiGothic-Regular.otf(0)/b/n' will be
(Font)              scaled to size 22.0pt on input line 263.
 (./out/main.toc
LaTeX Font Info:    Font shape `JY3/HaranoAjiMincho-Regular.otf(0)/m/n' will be
(Font)              scaled to size 7.7pt on input line 1.
LaTeX Font Info:    Font shape `JY3/HaranoAjiMincho-Regular.otf(0)/m/n' will be
(Font)              scaled to size 5.5pt on input line 1.
(load cache: extra_lmroman8-regular.luc)
LaTeX Font Info:    Font shape `JT3/HaranoAjiMincho-Regular.otf(0)/m/n' will be
(Font)              scaled to size 7.7pt on input line 21.
(load cache: extra_lmroman5-regular.luc)
LaTeX Font Info:    Font shape `JT3/HaranoAjiMincho-Regular.otf(0)/m/n' will be
(Font)              scaled to size 5.5pt on input line 21.
)
\tf@toc=\write7

\openout7 = main.toc
LaTeX Font Info:    Font shape `JT3/HaranoAjiMincho-Regular.otf(0)/m/n' will be
(Font)              scaled to size 9.89993pt on input line 265.
LaTeX Font Info:    Font shape `JY3/HaranoAjiMincho-Regular.otf(0)/m/n' will be
(Font)              scaled to size 9.89993pt on input line 265.
 [1



]
LaTeX Font Info:    Font shape `JT3/HaranoAjiGothic-Regular.otf(0)/m/n' will be
(Font)              scaled to size 15.4pt on input line 266.
LaTeX Font Info:    Font shape `JY3/HaranoAjiGothic-Regular.otf(0)/m/n' will be
(Font)              scaled to size 15.4pt on input line 266.
LaTeX Font Info:    Font shape `JT3/HaranoAjiGothic-Regular.otf(0)/b/n' will be
(Font)              scaled to size 15.4pt on input line 266.
LaTeX Font Info:    Font shape `JY3/HaranoAjiGothic-Regular.otf(0)/b/n' will be
(Font)              scaled to size 15.4pt on input line 266.
 (./out/main.lof)
\tf@lof=\write8

\openout8 = main.lof
 (./out/main.lot [2

])
\tf@lot=\write9

\openout9 = main.lot
 [3]
\openout2 = chapt1.aux
 (./chapt1.tex
<fig/volcano_distribution.png, id=228, 412.815pt x 290.832pt>
File: fig/volcano_distribution.png Graphic file (type png)
<use fig/volcano_distribution.png>
Package luatex.def Info: fig/volcano_distribution.png  used on input line 17.
(luatex.def)             Requested size: 264.00275pt x 185.98982pt.
LaTeX Font Info:    Font shape `JT3/HaranoAjiMincho-Regular.otf(0)/b/n' will be
(Font)              scaled to size 9.89993pt on input line 18.
LaTeX Font Info:    Font shape `JY3/HaranoAjiMincho-Regular.otf(0)/b/n' will be
(Font)              scaled to size 9.89993pt on input line 18.

warning  (pdf backend): ignoring duplicate destination with the name 'page.1'
[1



<./fig/volcano_distribution.png>]
LaTeX Font Info:    Font shape `JT3/HaranoAjiMincho-Regular.otf(0)/m/n' will be
(Font)              scaled to size 8.80003pt on input line 55.
LaTeX Font Info:    Font shape `JY3/HaranoAjiMincho-Regular.otf(0)/m/n' will be
(Font)              scaled to size 8.80003pt on input line 55.
 [2]
<fig/gassensor.png, id=256, 236.739pt x 105.339pt>
File: fig/gassensor.png Graphic file (type png)
<use fig/gassensor.png>
Package luatex.def Info: fig/gassensor.png  used on input line 82.
(luatex.def)             Requested size: 236.7384pt x 105.33873pt.
<fig/lidar.png, id=257, 302.001pt x 105.12pt>
File: fig/lidar.png Graphic file (type png)
<use fig/lidar.png>
Package luatex.def Info: fig/lidar.png  used on input line 98.
(luatex.def)             Requested size: 302.00026pt x 105.11972pt.
 [3<./fig/gassensor.png><./fig/lidar.png>]
<fig/ramanDIAL.png, id=265, 358.065pt x 217.686pt>
File: fig/ramanDIAL.png Graphic file (type png)
<use fig/ramanDIAL.png>
Package luatex.def Info: fig/ramanDIAL.png  used on input line 118.
(luatex.def)             Requested size: 352.00142pt x 213.99846pt.
 [4<./fig/ramanDIAL.png>]
Missing character: There is no 𝛥 (U+1D6E5) in font "name:Latin Modern Roman:mode=node;script=latn;language=dflt;+tlig;"!
Missing character: There is no 𝜎 (U+1D70E) in font "name:Latin Modern Roman:mode=node;script=latn;language=dflt;+tlig;"!
Missing character: There is no 𝛥 (U+1D6E5) in font "name:Latin Modern Roman:mode=node;script=latn;language=dflt;+tlig;"!
Missing character: There is no 𝜎 (U+1D70E) in font "name:Latin Modern Roman:mode=node;script=latn;language=dflt;+tlig;"!
Missing character: There is no 𝛥 (U+1D6E5) in font "name:Latin Modern Roman:mode=node;script=latn;language=dflt;+tlig;"!
Missing character: There is no 𝜎 (U+1D70E) in font "name:Latin Modern Roman:mode=node;script=latn;language=dflt;+tlig;"!
Missing character: There is no 𝛥 (U+1D6E5) in font "name:Latin Modern Roman:mode=node;script=latn;language=dflt;+tlig;"!
Missing character: There is no 𝜎 (U+1D70E) in font "name:Latin Modern Roman:mode=node;script=latn;language=dflt;+tlig;"!
) [5
Missing character: There is no 𝛥 (U+1D6E5) in font "name:Latin Modern Roman:mode=node;script=latn;language=dflt;+tlig;"!
Missing character: There is no 𝜎 (U+1D70E) in font "name:Latin Modern Roman:mode=node;script=latn;language=dflt;+tlig;"!
]
\openout2 = chapt2.aux
 (./chapt2.tex [6




]
<fig/sim_01_3gases_absorptance.png, id=311, 363.87946pt x 155.01915pt>
File: fig/sim_01_3gases_absorptance.png Graphic file (type png)
<use fig/sim_01_3gases_absorptance.png>
Package luatex.def Info: fig/sim_01_3gases_absorptance.png  used on input line 48.
(luatex.def)             Requested size: 363.87856pt x 155.01877pt.
LaTeX Font Info:    Calculating math sizes for size <9.89993> on input line 49.
(load cache: extra_lmroman7-regular.luc)
LaTeX Font Info:    Font shape `JY3/HaranoAjiMincho-Regular.otf(0)/m/n' will be
(Font)              scaled to size 6.92992pt on input line 49.
LaTeX Font Info:    Font shape `JY3/HaranoAjiMincho-Regular.otf(0)/m/n' will be
(Font)              scaled to size 4.94997pt on input line 49.
LaTeX Font Info:    Font shape `JT3/HaranoAjiMincho-Regular.otf(0)/m/n' will be
(Font)              scaled to size 6.92992pt on input line 49.
LaTeX Font Info:    Font shape `JT3/HaranoAjiMincho-Regular.otf(0)/m/n' will be
(Font)              scaled to size 4.94997pt on input line 49.
<fig/raman_stokes_Astokes.png, id=314, 279.882pt x 169.506pt>
File: fig/raman_stokes_Astokes.png Graphic file (type png)
<use fig/raman_stokes_Astokes.png>
Package luatex.def Info: fig/raman_stokes_Astokes.png  used on input line 68.
(luatex.def)             Requested size: 279.8813pt x 169.50558pt.
 [7<./fig/sim_01_3gases_absorptance.png><./fig/raman_stokes_Astokes.png>] [8]
<fig/sim_01_env_LoS.pdf, id=348, 281.9791pt x 209.68275pt>
File: fig/sim_01_env_LoS.pdf Graphic file (type pdf)
<use fig/sim_01_env_LoS.pdf>
Package luatex.def Info: fig/sim_01_env_LoS.pdf  used on input line 159.
(luatex.def)             Requested size: 281.97841pt x 209.68222pt.
 [9] [10<./fig/sim_01_env_LoS.pdf>]
<fig/sim_01_6combies_stat.pdf, id=409, 282.04309pt x 209.71474pt>
File: fig/sim_01_6combies_stat.pdf Graphic file (type pdf)
<use fig/sim_01_6combies_stat.pdf>
Package luatex.def Info: fig/sim_01_6combies_stat.pdf  used on input line 210.
(luatex.def)             Requested size: 282.04239pt x 209.7142pt.
 [11<./fig/sim_01_6combies_stat.pdf>]
<fig/sim_01_cond_2case.pdf, id=458, 279.07727pt x 196.80191pt>
File: fig/sim_01_cond_2case.pdf Graphic file (type pdf)
<use fig/sim_01_cond_2case.pdf>
Package luatex.def Info: fig/sim_01_cond_2case.pdf  used on input line 315.
(luatex.def)             Requested size: 279.07658pt x 196.80142pt.

Missing character: There is no 𝛥 (U+1D6E5) in font "name:Latin Modern Roman:mode=node;script=latn;language=dflt;+tlig;"!
Missing character: There is no 𝛥 (U+1D6E5) in font "name:Latin Modern Roman:mode=node;script=latn;language=dflt;+tlig;"!
Missing character: There is no 𝛥 (U+1D6E5) in font "name:Latin Modern Roman:mode=node;script=latn;language=dflt;+tlig;"!
Missing character: There is no 𝛥 (U+1D6E5) in font "name:Latin Modern Roman:mode=node;script=latn;language=dflt;+tlig;"!
[12
Missing character: There is no 𝛥 (U+1D6E5) in font "name:Latin Modern Roman:mode=node;script=latn;language=dflt;+tlig;"!
<./fig/sim_01_cond_2case.pdf>]
<fig/sim_01_power.pdf, id=517, 284.27773pt x 209.71474pt>
File: fig/sim_01_power.pdf Graphic file (type pdf)
<use fig/sim_01_power.pdf>
Package luatex.def Info: fig/sim_01_power.pdf  used on input line 336.
(luatex.def)             Requested size: 284.27701pt x 209.7142pt.
 [13<./fig/sim_01_power.pdf>] [14]
Missing character: There is no 𝛥 (U+1D6E5) in font "name:Latin Modern Roman:mode=node;script=latn;language=dflt;+tlig;"!
Missing character: There is no 𝛥 (U+1D6E5) in font "name:Latin Modern Roman:mode=node;script=latn;language=dflt;+tlig;"!
Missing character: There is no 𝛥 (U+1D6E5) in font "name:Latin Modern Roman:mode=node;script=latn;language=dflt;+tlig;"!
Missing character: There is no 𝛥 (U+1D6E5) in font "name:Latin Modern Roman:mode=node;script=latn;language=dflt;+tlig;"!
Missing character: There is no 𝛥 (U+1D6E5) in font "name:Latin Modern Roman:mode=node;script=latn;language=dflt;+tlig;"!
Missing character: There is no 𝛥 (U+1D6E5) in font "name:Latin Modern Roman:mode=node;script=latn;language=dflt;+tlig;"!
Missing character: There is no 𝛥 (U+1D6E5) in font "name:Latin Modern Roman:mode=node;script=latn;language=dflt;+tlig;"!
Missing character: There is no 𝛥 (U+1D6E5) in font "name:Latin Modern Roman:mode=node;script=latn;language=dflt;+tlig;"!
[15
Missing character: There is no 𝛥 (U+1D6E5) in font "name:Latin Modern Roman:mode=node;script=latn;language=dflt;+tlig;"!
Missing character: There is no 𝛥 (U+1D6E5) in font "name:Latin Modern Roman:mode=node;script=latn;language=dflt;+tlig;"!
]
<fig/sim_01_6combies_cntm.pdf, id=598, 281.9791pt x 209.71474pt>
File: fig/sim_01_6combies_cntm.pdf Graphic file (type pdf)
<use fig/sim_01_6combies_cntm.pdf>
Package luatex.def Info: fig/sim_01_6combies_cntm.pdf  used on input line 419.
(luatex.def)             Requested size: 281.97841pt x 209.7142pt.
 [16<./fig/sim_01_6combies_cntm.pdf>]) [17]
\openout2 = chapt3.aux
 (./chapt3.tex
<fig/sim_02_1_env.pdf, id=651, 260.50638pt x 195.71243pt>
File: fig/sim_02_1_env.pdf Graphic file (type pdf)
<use fig/sim_02_1_env.pdf>
Package luatex.def Info: fig/sim_02_1_env.pdf  used on input line 30.
(luatex.def)             Requested size: 260.50572pt x 195.71194pt.
 [18




<./fig/sim_02_1_env.pdf>]
<fig/sim_02_1_dR-5mto25m.pdf, id=697, 292.50432pt x 208.97197pt>
File: fig/sim_02_1_dR-5mto25m.pdf Graphic file (type pdf)
<use fig/sim_02_1_dR-5mto25m.pdf>
Package luatex.def Info: fig/sim_02_1_dR-5mto25m.pdf  used on input line 46.
(luatex.def)             Requested size: 292.5036pt x 208.97144pt.
 [19<./fig/sim_02_1_dR-5mto25m.pdf>]
<fig/sim_02_1_power.pdf, id=769, 282.38968pt x 209.71474pt>
File: fig/sim_02_1_power.pdf Graphic file (type pdf)
<use fig/sim_02_1_power.pdf>
Package luatex.def Info: fig/sim_02_1_power.pdf  used on input line 69.
(luatex.def)             Requested size: 282.38898pt x 209.7142pt.
 [20<./fig/sim_02_1_power.pdf>] [21]
<fig/sim_02_2_env.pdf, id=843, 282.0092pt x 209.70471pt>
File: fig/sim_02_2_env.pdf Graphic file (type pdf)
<use fig/sim_02_2_env.pdf>
Package luatex.def Info: fig/sim_02_2_env.pdf  used on input line 112.
(luatex.def)             Requested size: 282.0085pt x 209.7042pt.
 [22<./fig/sim_02_2_env.pdf>]
<fig/sim_02_2_contami_result.pdf, id=891, 334.32327pt x 195.96336pt>
File: fig/sim_02_2_contami_result.pdf Graphic file (type pdf)
<use fig/sim_02_2_contami_result.pdf>
Package luatex.def Info: fig/sim_02_2_contami_result.pdf  used on input line 140.
(luatex.def)             Requested size: 334.32245pt x 195.96286pt.
 [23<./fig/sim_02_2_contami_result.pdf>]) [24]
\openout2 = chapt4.aux
 (./chapt4.tex [25




]
LaTeX Font Info:    Font shape `JT3/HaranoAjiMincho-Regular.otf(0)/b/n' will be
(Font)              scaled to size 11.0pt on input line 53.
LaTeX Font Info:    Font shape `JY3/HaranoAjiMincho-Regular.otf(0)/b/n' will be
(Font)              scaled to size 11.0pt on input line 53.
 [26]
<fig/sim_04_field_spread_leteral.pdf, id=967, 347.62987pt x 206.1185pt>
File: fig/sim_04_field_spread_leteral.pdf Graphic file (type pdf)
<use fig/sim_04_field_spread_leteral.pdf>
Package luatex.def Info: fig/sim_04_field_spread_leteral.pdf  used on input line 97.
(luatex.def)             Requested size: 347.62901pt x 206.11798pt.
<fig/sim_04_field_spread_vertical.pdf, id=968, 347.62987pt x 206.1185pt>
File: fig/sim_04_field_spread_vertical.pdf Graphic file (type pdf)
<use fig/sim_04_field_spread_vertical.pdf>
Package luatex.def Info: fig/sim_04_field_spread_vertical.pdf  used on input line 104.
(luatex.def)             Requested size: 347.62901pt x 206.11798pt.
 [27<./fig/sim_04_field_spread_leteral.pdf><./fig/sim_04_field_spread_vertical.pdf>]
<fig/plume_situation.png, id=1069, 249.222pt x 140.379pt>
File: fig/plume_situation.png Graphic file (type png)
<use fig/plume_situation.png>
Package luatex.def Info: fig/plume_situation.png  used on input line 117.
(luatex.def)             Requested size: 249.22137pt x 140.37865pt.
 [28<./fig/plume_situation.png>]
<fig/sim_04_f1_env_image.pdf, id=1082, 242.13043pt x 209.65828pt>
File: fig/sim_04_f1_env_image.pdf Graphic file (type pdf)
<use fig/sim_04_f1_env_image.pdf>
Package luatex.def Info: fig/sim_04_f1_env_image.pdf  used on input line 161.
(luatex.def)             Requested size: 242.12984pt x 209.65775pt.
<fig/sim_04_f2_env_image.pdf, id=1083, 242.13043pt x 209.65828pt>
File: fig/sim_04_f2_env_image.pdf Graphic file (type pdf)
<use fig/sim_04_f2_env_image.pdf>
Package luatex.def Info: fig/sim_04_f2_env_image.pdf  used on input line 168.
(luatex.def)             Requested size: 242.12984pt x 209.65775pt.
 [29<./fig/sim_04_f1_env_image.pdf><./fig/sim_04_f2_env_image.pdf>]
<fig/sim_04_f1_env_LoS.pdf, id=1177, 281.99666pt x 211.4895pt>
File: fig/sim_04_f1_env_LoS.pdf Graphic file (type pdf)
<use fig/sim_04_f1_env_LoS.pdf>
Package luatex.def Info: fig/sim_04_f1_env_LoS.pdf  used on input line 189.
(luatex.def)             Requested size: 281.99596pt x 211.48898pt.
<fig/sim_04_f2_env_LoS.pdf, id=1178, 287.53737pt x 211.4895pt>
File: fig/sim_04_f2_env_LoS.pdf Graphic file (type pdf)
<use fig/sim_04_f2_env_LoS.pdf>
Package luatex.def Info: fig/sim_04_f2_env_LoS.pdf  used on input line 196.
(luatex.def)             Requested size: 287.53667pt x 211.48898pt.
 [30<./fig/sim_04_f1_env_LoS.pdf><./fig/sim_04_f2_env_LoS.pdf>]
<fig/sim_04_f1_plume_meas.pdf, id=1257, 261.2435pt x 195.96336pt>
File: fig/sim_04_f1_plume_meas.pdf Graphic file (type pdf)
<use fig/sim_04_f1_plume_meas.pdf>
Package luatex.def Info: fig/sim_04_f1_plume_meas.pdf  used on input line 215.
(luatex.def)             Requested size: 261.24286pt x 195.96286pt.
<fig/sim_04_f2_plume_meas.pdf, id=1258, 261.2435pt x 195.96336pt>
File: fig/sim_04_f2_plume_meas.pdf Graphic file (type pdf)
<use fig/sim_04_f2_plume_meas.pdf>
Package luatex.def Info: fig/sim_04_f2_plume_meas.pdf  used on input line 222.
(luatex.def)             Requested size: 261.24286pt x 195.96286pt.
) [31<./fig/sim_04_f1_plume_meas.pdf><./fig/sim_04_f2_plume_meas.pdf>] [32]
\openout2 = chapt5.aux
 (./chapt5.tex [33




]
<fig/DIAL.png, id=1371, 290.832pt x 241.338pt>
File: fig/DIAL.png Graphic file (type png)
<use fig/DIAL.png>
Package luatex.def Info: fig/DIAL.png  used on input line 30.
(luatex.def)             Requested size: 307.99872pt x 255.5961pt.
 [34<./fig/DIAL.png>]
<fig/filter_spec.pdf, id=1379, 433.62pt x 216.81pt>
File: fig/filter_spec.pdf Graphic file (type pdf)
<use fig/filter_spec.pdf>
Package luatex.def Info: fig/filter_spec.pdf  used on input line 52.
(luatex.def)             Requested size: 433.61894pt x 216.80946pt.
 [35<./fig/filter_spec.pdf>]

Package hyperref Warning: Token not allowed in a PDF string (Unicode):
(hyperref)                removing `\mhchem@cee' on input line 82.

LaTeX Font Info:    Calculating math sizes for size <15.4> on input line 82.
LaTeX Font Info:    Font shape `JY3/HaranoAjiMincho-Regular.otf(0)/m/n' will be
(Font)              scaled to size 10.77994pt on input line 82.
LaTeX Font Info:    Font shape `JT3/HaranoAjiGothic-Regular.otf(0)/b/n' will be
(Font)              scaled to size 10.77994pt on input line 82.
LaTeX Font Info:    Font shape `JY3/HaranoAjiGothic-Regular.otf(0)/b/n' will be
(Font)              scaled to size 10.77994pt on input line 82.
LaTeX Font Info:    Font shape `JT3/HaranoAjiGothic-Regular.otf(0)/b/n' will be
(Font)              scaled to size 7.7pt on input line 82.
LaTeX Font Info:    Font shape `JY3/HaranoAjiGothic-Regular.otf(0)/b/n' will be
(Font)              scaled to size 7.7pt on input line 82.
[36]
<fig/filter_Amplitude.pdf, id=1440, 433.62pt x 216.81pt>
File: fig/filter_Amplitude.pdf Graphic file (type pdf)
<use fig/filter_Amplitude.pdf>
Package luatex.def Info: fig/filter_Amplitude.pdf  used on input line 146.
(luatex.def)             Requested size: 433.61894pt x 216.80946pt.
) [37<./fig/filter_Amplitude.pdf>] [38]
\openout2 = conclusion.aux
 (./conclusion.tex) [39




]
\openout2 = thanks.aux
 (./thanks.tex) [40




]
LaTeX Font Info:    Font shape `JT3/HaranoAjiGothic-Regular.otf(0)/m/n' will be
(Font)              scaled to size 11.0pt on input line 279.
LaTeX Font Info:    Font shape `JY3/HaranoAjiGothic-Regular.otf(0)/m/n' will be
(Font)              scaled to size 11.0pt on input line 279.
LaTeX Font Info:    Kanji font shape `JY3/HaranoAjiGothic-Regular.otf(0)/m/it' undefined
(Font)              No change on input line 279.
LaTeX Font Info:    Kanji font shape `JY3/HaranoAjiGothic-Regular.otf(0)/m/it' undefined
(Font)              No change on input line 279.
LaTeX Font Info:    Kanji font shape `JY3/HaranoAjiMincho-Regular.otf(0)/m/it' undefined
(Font)              No change on input line 279.
LaTeX Font Info:    Kanji font shape `JY3/HaranoAjiMincho-Regular.otf(0)/m/it' undefined
(Font)              No change on input line 279.
LaTeX Font Info:    Kanji font shape `JY3/HaranoAjiMincho-Regular.otf(0)/m/it' undefined
(Font)              No change on input line 279.
LaTeX Font Info:    Kanji font shape `JY3/HaranoAjiGothic-Regular.otf(0)/m/it' undefined
(Font)              No change on input line 279.
LaTeX Font Info:    Kanji font shape `JY3/HaranoAjiMincho-Regular.otf(0)/m/it' undefined
(Font)              No change on input line 279.
LaTeX Font Info:    Kanji font shape `JY3/HaranoAjiMincho-Regular.otf(0)/m/it' undefined
(Font)              No change on input line 279.
LaTeX Font Info:    Kanji font shape `JY3/HaranoAjiMincho-Regular.otf(0)/m/it' undefined
(Font)              No change on input line 279.
LaTeX Font Info:    Kanji font shape `JY3/HaranoAjiMincho-Regular.otf(0)/m/it' undefined
(Font)              No change on input line 279.
LaTeX Font Info:    Kanji font shape `JY3/HaranoAjiMincho-Regular.otf(0)/m/it' undefined
(Font)              No change on input line 279.
LaTeX Font Info:    Kanji font shape `JY3/HaranoAjiMincho-Regular.otf(0)/m/it' undefined
(Font)              No change on input line 279.
LaTeX Font Info:    Kanji font shape `JY3/HaranoAjiMincho-Regular.otf(0)/m/it' undefined
(Font)              No change on input line 279.
LaTeX Font Info:    Kanji font shape `JY3/HaranoAjiMincho-Regular.otf(0)/m/it' undefined
(Font)              No change on input line 279.
LaTeX Font Info:    Kanji font shape `JY3/HaranoAjiMincho-Regular.otf(0)/m/it' undefined
(Font)              No change on input line 279.
LaTeX Font Info:    Kanji font shape `JY3/HaranoAjiMincho-Regular.otf(0)/m/it' undefined
(Font)              No change on input line 279.
 [41



]
LaTeX Font Info:    Kanji font shape `JY3/HaranoAjiGothic-Regular.otf(0)/m/it' undefined
(Font)              No change on input line 279.
 [42] (./out/main.aux (./out/title.aux) (./out/chapt1.aux) (./out/chapt2.aux) (./out/chapt3.aux) (./out/chapt4.aux) (./out/chapt5.aux) (./out/conclusion.aux) (./out/thanks.aux))
 ***********
LaTeX2e <2025-11-01>
L3 programming layer <2026-01-19>
 ***********
Package rerunfilecheck Info: File `main.out' has not changed.
(rerunfilecheck)             Checksum: 7CCAFEEFD7B3EA32762DF2E0002D838D;3849.
Package logreq Info: Writing requests to 'main.run.xml'.

\openout1 = main.run.xml
)
(\end occurred inside a group at level 1)

### simple group (level 1) entered at line 1 ({)
### bottom level

Here is how much of LuaTeX's memory you used:
 42908 strings out of 476076
 195709,4101490 words of node,token memory allocated
 2035 words of node memory still in use:
   12 hlist, 2 vlist, 6 rule, 4 glue, 4 kern, 2 glyph, 568 attribute, 74 glue_spec, 64 attribute_list, 1 write, 15 user_defined, 5 pdf_action nodes
   avail lists: 1:27,2:46456,3:704,4:747,5:294,6:101,7:4902,8:73,9:2205,10:40,11:264
 64309 multiletter control sequences out of 65536+600000
 197 fonts using 201482943 bytes
 119i,18n,127p,2052b,2094s stack positions out of 10000i,1000n,20000p,200000b,200000s
<c:/texlive/2025/texmf-dist/fonts/opentype/public/lm/lmmono10-regular.otf><c:/texlive/2025/texmf-dist/fonts/opentype/public/lm/lmroman10-italic.otf><c:/texlive/2025/texmf-dist/fonts/opentype/public/lm/lmroman7-regular.otf><c:/texlive/2025/texmf-dist/fonts/opentype/public/lm/lmroman7-regular.otf><c:/texlive/2025/texmf-dist/fonts/opentype/public/lm-math/latinmodern-math.otf><c:/texlive/2025/texmf-dist/fonts/opentype/public/lm/lmroman9-regular.otf><c:/texlive/2025/texmf-dist/fonts/opentype/public/lm/lmroman10-bold.otf><c:/texlive/2025/texmf-dist/fonts/opentype/public/haranoaji/HaranoAjiMincho-Bold.otf><c:/texlive/2025/texmf-dist/fonts/opentype/public/lm/lmsans10-bold.otf><c:/texlive/2025/texmf-dist/fonts/opentype/public/lm/lmroman8-regular.otf><c:/texlive/2025/texmf-dist/fonts/opentype/public/lm/lmroman10-regular.otf><c:/texlive/2025/texmf-dist/fonts/opentype/public/lm-math/latinmodern-math.otf><c:/texlive/2025/texmf-dist/fonts/opentype/public/lm/lmroman8-regular.otf><c:/texlive/2025/texmf-dist/fonts/opentype/public/lm/lmroman10-regular.otf><c:/texlive/2025/texmf-dist/fonts/opentype/public/haranoaji/HaranoAjiGothic-Bold.otf><c:/texlive/2025/texmf-dist/fonts/opentype/public/lm/lmroman12-bold.otf><c:/texlive/2025/texmf-dist/fonts/opentype/public/haranoaji/HaranoAjiGothic-Regular.otf><c:/texlive/2025/texmf-dist/fonts/opentype/public/lm/lmroman17-regular.otf><c:/texlive/2025/texmf-dist/fonts/opentype/public/haranoaji/HaranoAjiMincho-Regular.otf>
Output written on main.pdf (46 pages, 2098950 bytes).

PDF statistics: 1655 PDF objects out of 1728 (max. 8388607)
 832 compressed objects within 9 object streams
 170 named destinations out of 1000 (max. 131072)
 185 words of extra memory for PDF output out of 10000 (max. 100000000)

